"","MSZoning","Utilities","Neighborhood","BldgType","HouseStyle","OverallQual","OverallCond","YearBuilt","ExterQual","ExterCond","BsmtQual","BsmtCond","TotalBsmtSF","Heating","HeatingQC","CentralAir","Electrical","GrLivArea","BedroomAbvGr","KitchenAbvGr","KitchenQual","TotRmsAbvGrd","Functional","Fireplaces","FireplaceQu","GarageArea","GarageQual","GarageCond","OpenPorchSF","PoolArea","Fence","MoSold","YrSold","SaleType","SaleCondition","SalePrice","logPrice"
"520",1,1,10,1,1,6,5,1978,2,1,2,1,918,1,2,1,1,1683,3,1,2,7,1,1,2,440,1,1,0,0,1,7,2009,1,1,172500,12.0581525154536
"636",2,1,15,5,5,4,6,1970,2,1,1,1,630,1,2,1,1,630,1,1,2,3,1,0,1,0,4,3,0,0,2,12,2007,1,1,84500,11.3445068133453
"324",1,1,16,1,3,6,5,1924,2,1,2,1,572,3,4,2,2,1096,2,1,2,5,1,0,1,0,4,3,8,0,1,4,2008,1,1,79000,11.2772031314492
"450",2,1,14,1,3,4,5,1925,2,1,2,1,780,1,3,1,3,1208,2,1,2,5,1,0,1,539,1,1,23,0,1,1,2009,1,1,103000,11.5424842672118
"330",1,1,12,1,2,6,6,1959,1,1,2,1,1252,1,1,1,1,1252,3,1,1,7,1,0,1,528,1,1,39,0,1,10,2008,1,1,142000,11.8635823365834
"365",1,1,12,1,2,4,4,1971,2,1,2,1,858,1,3,1,1,858,3,1,2,5,1,0,1,0,4,3,0,0,1,6,2006,1,1,88000,11.3850920934603
"10",1,1,7,1,2,7,6,1970,2,1,2,1,1304,1,2,1,1,1682,3,1,2,7,1,1,3,530,1,1,0,0,2,5,2008,1,1,174000,12.0668105781967
"463",1,1,1,1,1,7,5,1999,1,1,1,1,873,1,1,1,1,1790,3,1,1,7,1,0,1,588,1,1,88,0,1,6,2008,1,2,193000,12.170445467887
"376",2,1,9,1,3,6,7,1929,2,1,2,1,862,1,3,1,1,1158,3,1,2,5,1,1,3,208,1,1,0,0,1,7,2008,1,1,120000,11.6952470217642
"82",1,1,10,1,2,5,5,1966,2,1,2,1,894,1,3,1,1,894,3,1,2,5,1,0,1,384,1,1,0,0,2,5,2007,1,1,125000,11.7360690162844
"482",1,1,17,1,2,6,5,1988,2,1,1,1,1392,1,3,1,1,1412,3,1,1,6,1,1,2,576,1,1,0,0,1,3,2009,1,1,175000,12.0725412529057
"511",2,1,14,1,2,5,6,1940,2,1,2,1,740,1,1,1,1,778,2,1,2,4,1,1,3,924,5,6,25,0,1,2,2008,1,1,120500,11.6994050319128
"59",1,1,12,3,1,5,5,1974,2,1,1,1,896,1,3,1,1,1792,4,2,2,8,1,0,1,0,4,3,45,0,1,9,2009,1,1,136000,11.8204101647182
"42",1,1,12,1,2,7,5,1970,2,2,2,2,1277,1,3,1,1,1277,2,1,2,5,1,1,6,526,1,1,0,0,3,4,2007,1,1,167000,12.0257490913989
"135",1,1,11,1,2,9,5,2006,3,1,3,1,2121,1,1,1,1,2121,3,1,3,8,1,1,5,732,1,1,98,0,1,5,2007,2,3,415298,12.9367516138114
"385",1,1,12,1,2,6,6,1959,2,1,2,1,1194,1,3,1,1,1194,3,1,2,6,1,0,1,312,1,1,0,0,1,4,2010,1,1,148000,11.9049675527463
"148",1,1,22,4,2,8,5,2004,1,1,1,1,1256,1,1,1,1,1269,2,1,1,6,1,1,2,430,1,1,20,0,1,4,2010,1,1,192000,12.1652506510099
"831",1,1,16,1,3,5,7,1955,2,2,2,1,816,1,3,1,1,1393,3,1,2,8,1,0,1,300,1,1,0,0,1,4,2008,1,1,135500,11.8167269193019
"267",1,1,1,1,2,5,7,1972,2,2,2,1,864,1,1,1,1,864,3,1,2,5,1,0,1,288,1,1,0,0,1,6,2006,1,1,128500,11.7636841833174
"527",2,1,9,1,4,6,7,1926,1,1,2,1,884,1,2,1,1,904,2,1,2,4,1,0,1,180,1,1,0,0,1,1,2009,1,1,119000,11.6868787720937
"369",1,1,11,4,2,8,5,2006,1,1,1,2,1370,1,1,1,1,1370,2,1,1,6,1,1,3,484,1,1,49,0,1,10,2007,1,1,202500,12.2184951655287
"245",1,1,13,3,5,5,5,1979,2,1,1,1,1086,1,3,1,1,1224,2,2,2,6,1,2,2,528,1,1,0,0,1,6,2009,1,5,153337,11.9403933925547
"293",1,1,17,1,2,8,5,2006,1,1,3,1,1732,1,1,1,1,1776,3,1,1,7,1,1,3,712,1,1,0,0,1,5,2007,2,3,283463,12.5548368821687
"872",4,1,6,1,1,8,5,2004,1,1,1,1,1580,1,1,1,1,2466,4,1,1,8,1,1,3,610,1,1,214,0,1,12,2007,1,1,340000,12.7367008965923
"825",1,1,18,1,1,7,5,2006,1,1,1,2,654,1,1,1,1,1496,3,1,1,7,1,1,3,426,1,1,24,0,1,9,2006,2,3,179665,12.0988492847421
"275",1,1,18,1,1,6,5,2000,2,1,1,1,982,1,1,1,1,1800,3,1,2,7,1,1,2,463,1,1,63,0,1,6,2009,1,1,179000,12.0951410848229
"556",1,1,20,1,2,6,5,1996,2,1,1,1,1291,1,1,1,1,1291,2,1,1,6,1,1,3,431,1,1,0,0,1,11,2008,1,1,173000,12.0610468734799
"241",1,1,13,1,1,6,5,1994,1,2,1,2,928,1,1,1,1,1721,3,1,1,7,1,0,1,471,1,1,87,0,1,7,2007,1,1,201000,12.2110601870412
"668",2,1,8,2,2,4,4,1953,4,1,5,1,936,1,3,2,1,936,2,1,2,4,4,0,1,576,1,1,32,0,1,2,2009,1,1,93000,11.4403547721354
"505",1,1,5,1,2,6,5,1983,2,2,2,1,1084,1,3,1,1,1080,3,1,2,5,1,0,1,484,1,1,0,0,1,6,2007,1,1,134000,11.805595078933
"50",2,1,14,1,2,6,5,1920,2,1,2,1,1012,1,3,1,3,1012,2,1,2,6,1,1,3,308,1,1,22,0,2,5,2007,1,1,118400,11.681824001432
"431",1,1,12,1,2,5,7,1955,2,1,2,1,1098,1,3,1,1,1098,3,1,2,6,1,0,1,260,1,1,0,0,1,7,2008,1,1,135000,11.8130300574206
"394",1,1,12,1,2,5,6,1956,2,1,2,1,1050,1,2,1,1,1050,2,1,2,5,1,0,1,338,1,1,0,0,1,6,2009,1,1,128900,11.7667921889273
"396",2,1,14,1,2,4,6,1936,2,1,2,1,951,1,1,2,1,951,2,1,2,6,1,0,1,327,1,1,28,0,1,4,2006,1,2,106500,11.5759002641316
"303",1,1,11,1,1,8,5,2004,1,1,3,1,1117,1,1,1,1,2452,4,1,1,9,1,1,3,691,1,1,32,0,1,9,2006,1,1,309000,12.6410965558799
"600",1,1,13,4,2,6,5,1992,1,1,1,1,1575,1,2,1,1,1575,2,1,1,5,1,0,1,529,1,1,0,0,1,7,2007,1,1,179200,12.096257779523
"98",1,1,7,1,2,7,5,1998,1,1,3,1,1650,1,1,1,1,1680,3,1,1,7,3,1,2,583,1,1,73,0,1,6,2009,1,1,213250,12.2702204653539
"658",1,1,4,1,2,7,5,1996,1,1,1,1,1720,1,1,1,1,1720,3,1,1,7,1,1,2,527,1,1,56,0,1,3,2010,1,1,260400,12.4699741893166
"539",1,1,11,1,1,7,5,2006,1,1,3,2,1063,1,1,1,1,2172,3,1,1,9,1,1,3,947,1,1,62,0,1,8,2007,2,3,280000,12.5425448821514
"674",1,1,7,1,2,7,6,1973,2,1,2,1,1242,1,4,1,1,1242,3,1,2,6,1,1,2,528,1,1,0,0,1,9,2007,1,1,175500,12.0753943218881
"537",1,1,17,1,2,8,5,2007,1,1,1,1,1466,1,1,1,1,1466,3,1,1,7,1,0,1,610,1,1,18,0,1,7,2009,1,1,201000,12.2110601870412
"851",1,1,12,1,2,5,6,1957,2,1,2,1,1070,1,3,1,1,1236,2,1,1,6,2,1,4,447,1,1,0,0,2,5,2006,1,1,134450,11.808947661697
"531",1,1,9,1,3,5,4,1950,2,1,2,1,709,1,3,1,1,1203,3,1,1,5,1,1,2,352,1,1,0,0,1,7,2009,1,1,110000,11.6082356447746
"774",1,1,1,1,2,7,5,2003,1,1,1,1,1453,1,1,1,1,1479,3,1,1,7,1,0,1,558,1,1,29,0,1,6,2007,1,1,226000,12.3282902782544
"479",2,1,15,5,5,5,7,1970,2,1,1,1,630,1,1,1,1,630,1,1,3,3,1,0,1,0,4,3,0,0,1,8,2006,1,2,92000,11.4295438560312
"305",1,1,16,1,3,5,4,1949,2,1,2,1,768,1,2,1,1,1716,3,1,2,8,4,1,3,281,1,1,0,0,1,1,2009,1,1,131000,11.7829526021833
"363",4,1,6,4,1,7,5,2005,1,1,1,1,600,1,1,1,1,1200,2,1,1,4,1,0,1,480,1,1,166,0,1,4,2006,1,2,144152,11.8786235774066
"710",1,1,4,1,1,8,5,1997,1,1,1,1,1396,1,1,1,1,2392,3,1,1,7,1,1,2,870,1,1,70,0,1,6,2006,1,1,348000,12.7599577587566
"876",3,1,8,2,7,6,6,1910,2,1,2,4,1214,2,1,2,1,2291,4,2,2,9,1,1,3,506,1,1,0,0,1,11,2007,1,1,133900,11.8048485316793
"657",2,1,8,1,3,3,7,1948,2,2,2,1,649,1,1,1,1,1183,2,1,2,6,1,0,1,308,1,1,176,0,1,6,2007,1,1,120000,11.6952470217642
"599",1,1,1,1,1,7,6,1996,1,1,1,1,799,1,1,1,1,1661,3,1,1,6,1,1,2,550,1,1,61,0,1,4,2009,7,1,212000,12.2643415536542
"483",1,1,10,1,2,5,7,1967,2,1,2,1,864,1,1,1,1,899,3,1,1,5,1,0,1,288,1,1,0,0,2,6,2009,1,1,130000,11.7752897294377
"28",1,1,10,1,2,4,4,1976,2,1,2,1,1281,1,1,1,1,1620,3,1,2,8,2,1,2,490,1,1,78,0,3,6,2009,1,1,150000,11.9183905730784
"835",1,1,12,1,6,5,5,1960,2,1,2,1,1075,1,2,1,1,1507,4,1,2,7,3,0,1,404,1,1,0,0,3,8,2008,1,1,127000,11.7519423654407
"820",1,1,1,1,2,8,5,2007,1,1,3,1,1234,1,1,1,1,1234,3,1,1,7,1,0,1,484,1,1,30,0,1,1,2008,1,1,179900,12.1001564199386
"451",2,1,8,1,1,7,9,1920,2,2,2,1,650,1,1,1,1,1482,3,1,2,7,1,0,1,324,1,1,0,0,1,7,2009,1,1,143000,11.870599909242
"473",1,1,18,1,1,6,5,2002,1,1,1,1,783,1,1,1,1,1509,3,1,1,7,1,1,3,393,1,1,75,0,1,6,2006,1,1,183200,12.1183337312222
"374",2,1,23,5,1,6,8,1972,2,1,2,1,483,1,2,1,1,987,2,1,1,5,1,0,1,264,1,1,0,0,1,5,2009,1,1,118000,11.6784399034478
"80",1,1,13,1,5,6,6,1992,2,1,1,1,936,1,1,1,1,996,2,1,1,5,1,0,1,564,1,1,0,0,1,4,2010,1,1,147000,11.8981878657609
"659",1,1,20,1,3,7,4,1953,1,1,2,1,1304,2,3,1,1,2287,3,1,2,7,1,1,2,667,1,1,21,0,1,7,2006,1,1,225000,12.3238556811866
"1",1,1,12,1,2,5,6,1970,2,1,2,1,1002,1,3,1,1,1002,3,1,2,5,1,0,1,902,1,1,0,0,2,8,2009,1,1,148500,11.9083402372249
"381",1,1,12,1,2,5,7,1960,2,1,2,1,1010,1,1,1,1,1134,2,1,2,6,1,0,1,254,1,1,16,0,5,4,2007,1,6,135000,11.8130300574206
"142",2,1,8,1,3,7,7,1926,2,1,2,1,572,1,3,1,1,1111,2,1,2,5,1,1,3,288,1,1,0,0,1,8,2008,1,1,116900,11.6690741474602
"211",1,1,18,1,1,6,5,2002,1,1,1,1,1010,1,1,1,1,2267,4,1,1,8,1,1,2,390,1,1,46,0,1,12,2009,5,1,200000,12.2060726455302
"747",1,1,10,1,2,6,8,1961,2,2,2,1,912,1,2,1,1,912,3,1,1,5,1,0,1,288,1,1,0,0,4,5,2008,1,1,142000,11.8635823365834
"189",1,1,7,1,1,5,5,1969,2,1,2,1,780,1,1,1,1,1620,4,1,2,7,2,0,1,462,1,1,0,0,3,4,2007,1,1,152000,11.9316357998284
"43",1,1,12,1,2,5,7,1957,2,2,2,1,992,1,3,1,1,1306,2,1,2,5,1,0,1,756,1,1,0,0,1,5,2009,1,1,153000,11.9381932003746
"247",1,1,7,1,1,8,9,1976,3,2,2,2,1142,1,1,1,1,2715,4,1,1,11,1,2,2,831,1,1,204,0,1,7,2008,1,1,299800,12.6108708646506
"870",1,1,7,1,2,6,5,1974,2,1,1,1,1064,1,3,1,1,1350,3,1,2,7,1,1,2,478,1,1,0,0,2,8,2009,1,1,165000,12.0137007528827
"243",5,1,13,1,2,4,4,1966,2,1,2,1,1056,1,3,1,1,1056,2,1,2,5,1,0,1,384,1,1,42,0,2,11,2006,1,1,107000,11.580584113444
"708",1,1,18,1,1,6,5,1994,2,1,1,1,702,1,2,1,1,1481,3,1,2,6,1,1,2,343,1,1,36,0,1,3,2009,1,1,174000,12.0668105781967
"536",1,1,24,1,3,6,6,1925,2,1,2,1,976,1,1,1,1,1608,3,1,1,7,1,1,3,216,2,1,16,0,2,10,2009,1,1,137450,11.8310154935934
"871",1,1,12,1,1,6,5,1963,2,1,2,1,780,1,3,1,1,1796,4,1,2,8,1,1,2,483,1,1,50,0,1,10,2008,1,1,140000,11.8493977015914
"810",1,1,21,5,1,6,5,1978,2,1,1,1,855,1,4,1,1,1456,3,1,2,7,1,1,2,440,1,1,0,0,1,7,2010,1,1,146000,11.8913619006905
"506",1,1,11,1,1,9,5,2008,3,1,3,1,1734,1,1,1,1,2822,4,1,3,12,1,1,3,1020,1,1,170,0,1,1,2009,2,3,582933,13.2758275359155
"355",2,1,8,1,1,6,7,1910,2,1,2,1,684,1,1,2,3,1368,3,1,2,7,1,0,1,216,1,2,158,0,1,10,2006,1,1,114504,11.6483650358641
"214",1,1,11,1,1,10,5,2008,3,1,3,1,1722,1,1,1,1,2296,3,1,3,10,1,1,3,842,1,1,274,0,1,6,2009,5,1,451950,13.0213268332266
"787",1,1,5,3,2,7,5,1988,2,1,2,1,1907,1,2,1,1,1959,5,2,2,9,1,0,1,766,1,1,0,0,1,7,2006,1,6,171000,12.0494188354848
"76",1,1,1,1,1,8,5,2001,1,1,1,1,1299,1,1,1,1,1872,3,1,3,7,1,1,2,531,1,1,122,0,1,11,2009,1,1,261500,12.4741895624871
"627",1,1,8,1,3,6,6,1924,2,2,5,1,617,1,2,1,1,1310,2,1,2,6,2,0,1,398,1,1,0,0,1,5,2006,3,1,112000,11.6262541502772
"96",1,1,16,1,2,4,7,1920,2,1,2,1,528,1,1,1,1,605,2,1,2,5,1,0,1,0,4,3,0,0,1,7,2007,1,1,86000,11.3621025752356
"701",1,1,18,1,6,7,5,2000,2,1,1,1,384,1,1,1,1,1430,3,1,2,7,1,1,2,400,1,1,0,0,1,4,2010,1,1,180000,12.1007121298723
"105",1,1,7,1,1,7,6,1976,2,1,2,1,803,1,3,1,1,1964,4,1,2,8,1,1,3,483,1,1,69,0,1,9,2008,1,1,205000,12.2307652581205
"318",1,1,5,1,6,6,6,1984,2,1,2,1,1003,1,3,1,1,1003,3,1,2,6,1,0,1,588,1,1,0,0,4,3,2006,1,1,142500,11.8670972786908
"69",1,1,12,1,2,6,7,1970,2,1,2,1,1004,1,1,1,1,1004,2,1,2,5,1,1,2,480,1,1,0,0,1,3,2010,1,1,149000,11.9117015849276
"297",1,1,4,1,1,7,5,1996,1,1,1,1,1379,1,1,1,1,2398,3,1,1,8,1,1,2,834,1,1,60,0,1,8,2007,1,1,315750,12.6627060402127
"541",2,1,14,1,3,5,6,1938,2,1,2,1,803,1,1,1,1,1360,2,1,1,6,1,0,1,297,1,1,65,0,2,7,2006,1,1,125500,11.740061037554
"580",1,1,22,4,2,7,5,2005,1,1,1,1,1373,1,1,1,1,1555,2,1,1,7,1,1,2,430,1,1,20,0,1,5,2009,1,1,192500,12.16785143271
"608",1,1,18,1,1,7,5,2007,1,1,1,1,728,1,1,1,1,1456,3,1,1,8,1,1,3,400,1,1,24,0,1,7,2007,2,3,179540,12.0981533033107
"457",1,1,1,1,1,7,5,2003,1,1,1,1,840,1,1,1,1,1668,3,1,1,8,1,0,1,500,1,1,68,0,1,9,2007,1,1,180000,12.1007121298723
"402",1,1,1,1,2,7,5,1999,1,1,1,1,1431,1,1,1,1,1431,3,1,1,6,1,0,1,666,1,1,35,0,1,9,2009,1,1,192000,12.1652506510099
"670",2,1,3,4,2,8,5,2008,3,1,3,1,1600,1,1,1,1,1652,2,1,1,5,1,1,3,482,1,1,53,0,1,11,2008,2,3,392500,12.8802918162046
"494",1,1,1,1,2,7,5,2005,1,1,1,1,1614,1,1,1,1,1614,3,1,1,7,1,0,1,865,1,1,59,0,1,7,2006,2,3,221500,12.3081778684673
"454",1,1,12,1,2,6,5,1961,2,1,2,1,1362,1,3,1,1,1362,3,1,2,6,1,1,2,504,1,1,20,0,1,6,2008,3,1,163000,12.0015054797889
"579",1,1,12,1,2,5,6,1954,2,1,2,1,1268,1,2,1,1,1268,2,1,2,7,1,1,3,244,1,1,98,0,1,3,2010,1,1,132000,11.7905572015685
"842",2,1,14,1,3,6,7,1920,2,3,2,1,319,1,3,1,3,1406,3,1,4,6,1,0,1,0,4,3,144,0,2,3,2008,1,1,89500,11.4019939042629
"775",2,1,9,1,2,5,7,1921,2,1,2,1,616,1,2,1,1,616,2,1,2,4,1,0,1,205,1,1,0,0,1,6,2006,1,1,89000,11.3963916487143
"311",1,1,12,1,2,5,7,1955,2,1,4,3,0,1,1,1,1,827,2,1,2,5,5,1,6,392,1,1,0,0,1,4,2010,1,1,107500,11.5852461265499
"759",1,1,5,1,2,5,8,1982,2,2,2,2,816,1,1,1,1,816,2,1,2,4,1,0,1,816,1,1,0,0,1,6,2008,1,1,138000,11.8350089641393
"641",1,1,13,1,1,6,5,1993,1,1,1,1,832,1,1,1,1,1710,3,1,1,7,1,0,1,506,1,1,70,0,1,6,2008,1,1,187000,12.1388638958367
"447",2,1,8,2,1,4,5,1920,2,1,2,1,736,1,2,1,1,1452,2,3,2,8,1,0,1,0,4,3,0,0,1,6,2009,2,3,113000,11.6351430976945
"106",1,1,12,3,2,5,5,1967,2,1,2,1,1584,1,3,1,1,1584,4,2,2,8,5,0,1,792,1,1,152,0,1,4,2009,1,1,124000,11.7280368445872
"728",1,1,18,1,1,7,5,2004,1,1,1,1,716,1,1,1,1,1432,3,1,1,6,1,1,3,432,1,1,51,0,1,7,2009,1,1,188500,12.1468532858702
"137",1,1,1,1,2,7,5,1998,2,1,1,1,1649,1,1,1,1,1661,3,1,1,6,1,0,1,598,1,1,34,0,1,5,2010,1,1,224900,12.3234111379474
"633",1,1,12,1,6,6,6,1955,2,1,2,1,992,1,2,1,1,1661,3,1,1,8,1,1,2,377,1,1,28,0,2,10,2008,1,1,165500,12.0167264737993
"808",1,1,1,1,2,7,5,2002,1,1,1,1,1536,1,1,1,1,1536,3,1,1,7,1,0,1,532,1,1,74,0,1,12,2008,1,1,214000,12.273731294004
"493",2,1,8,1,2,5,8,1938,2,1,5,1,190,1,2,1,3,886,2,1,2,4,1,0,1,273,1,1,20,0,1,12,2009,1,1,91300,11.4219060665831
"206",2,1,8,1,2,4,7,1885,2,1,5,1,641,1,2,1,1,1047,2,1,2,6,1,0,1,273,2,2,0,0,1,8,2007,1,1,100000,11.5129254649702
"438",1,1,7,1,1,7,5,1988,2,1,1,1,980,1,3,1,1,1714,3,1,2,7,1,1,2,496,1,1,66,0,2,3,2010,1,1,196500,12.1884177102915
"741",4,1,6,1,1,7,5,2006,1,1,1,2,770,1,1,1,1,1576,3,1,1,6,1,0,1,614,1,1,50,0,1,8,2006,2,3,197000,12.1909590077201
"152",1,1,9,1,3,6,5,1939,2,1,2,1,972,1,2,1,1,1577,3,1,4,6,1,1,3,312,1,1,0,0,1,10,2006,1,1,140200,11.8508252535826
"834",1,1,7,1,1,6,7,1974,2,1,2,1,1522,1,3,1,1,2614,4,1,2,9,1,1,2,624,1,1,243,0,1,6,2008,1,1,240000,12.3883942023241
"639",2,1,8,1,2,6,7,1957,2,1,2,1,912,1,3,1,3,1236,2,1,2,6,1,0,1,923,1,1,158,0,2,4,2010,1,1,149700,11.9163885704077
"690",1,1,12,1,2,5,7,1950,1,1,2,1,1113,1,2,1,1,1113,3,1,1,5,1,1,3,264,1,1,80,0,1,7,2009,1,1,147000,11.8981878657609
"735",4,1,6,1,1,6,5,2003,1,1,1,1,864,1,1,1,1,1728,3,1,1,7,1,0,1,673,1,1,56,0,1,5,2008,1,1,207500,12.2428866186529
"501",1,1,18,1,1,7,5,2005,1,1,1,1,1392,1,1,1,1,2462,4,1,1,9,1,1,3,576,1,1,132,0,1,3,2006,2,3,320000,12.6760762747759
"418",1,1,4,1,1,8,5,2000,1,1,1,1,1145,1,1,1,1,2198,4,1,1,9,1,1,2,836,1,1,84,0,1,12,2008,1,1,250000,12.4292161968444
"672",4,1,6,1,2,6,5,2006,1,1,1,1,1262,1,2,1,1,1262,2,1,1,5,1,0,1,572,1,1,120,0,1,5,2006,2,3,185000,12.1281111040605
"340",5,1,24,2,8,6,7,1914,4,1,2,4,1440,1,1,1,3,3395,8,2,4,14,1,0,1,0,4,3,110,0,1,3,2007,1,2,200000,12.2060726455302
"563",4,1,6,4,1,6,5,2009,1,1,1,1,612,1,1,1,1,1224,2,1,1,4,1,0,1,528,1,1,234,0,1,6,2009,2,3,164500,12.0106658491876
"314",1,1,22,4,2,7,5,2005,1,1,1,2,1346,1,1,1,1,1504,2,1,1,7,1,1,3,437,1,1,20,0,1,5,2008,1,1,191000,12.1600287070288
"514",1,1,10,1,1,6,5,1978,2,1,2,1,672,1,3,1,1,1386,3,1,2,6,1,1,2,440,1,1,0,0,4,4,2010,1,2,158900,11.9760303525248
"699",1,1,18,1,1,6,5,1995,2,1,1,1,806,1,2,1,1,1572,3,1,2,7,1,1,2,373,1,1,40,0,1,5,2007,1,1,168000,12.0317192583854
"478",5,1,13,1,4,6,3,1928,2,1,5,4,784,1,3,2,3,784,2,1,2,5,1,0,1,360,2,2,0,0,1,10,2009,1,1,76000,11.2384886192685
"496",1,1,12,1,2,5,7,1951,1,1,2,1,1008,1,1,1,1,1363,2,1,2,6,2,2,2,288,1,1,42,0,1,6,2009,1,1,164900,12.0130945085477
"360",1,1,18,1,1,6,8,1993,3,2,1,2,680,1,2,1,1,1470,3,1,2,6,1,1,2,420,1,1,63,0,1,4,2009,1,1,185000,12.1281111040605
"615",1,1,6,1,1,6,5,2007,1,1,1,1,894,1,1,1,1,1933,4,1,1,9,1,1,3,668,1,1,18,0,1,1,2008,1,1,214000,12.273731294004
"722",2,1,8,1,3,6,7,1920,2,1,2,1,901,1,2,1,1,1198,4,1,2,7,1,0,1,0,4,3,98,0,2,9,2008,4,2,79900,11.2885311317544
"691",1,1,17,1,2,8,5,2005,1,1,3,1,1868,1,1,1,1,2028,2,1,1,7,1,2,3,880,1,1,66,0,1,3,2006,2,3,369900,12.8209879778205
"123",1,1,13,1,2,6,5,2005,1,1,1,1,1141,1,1,1,1,1141,3,1,2,6,1,0,1,484,1,1,0,0,1,3,2006,1,2,142500,11.8670972786908
"263",1,1,12,1,3,5,5,1941,2,1,2,1,768,1,3,1,1,1376,3,1,2,6,1,1,3,240,1,1,0,0,1,4,2007,1,1,105000,11.5617156291397
"460",1,1,12,1,2,5,5,1963,2,1,2,1,1144,1,3,1,1,1144,3,1,2,6,1,0,1,336,1,1,88,0,1,8,2008,3,1,124000,11.7280368445872
"432",4,1,6,1,2,6,5,2009,1,1,1,1,1218,1,1,1,1,1218,2,1,1,4,1,0,1,676,1,1,102,0,1,9,2009,2,3,208300,12.2467346272491
"700",1,1,3,1,2,7,8,1959,1,2,1,1,1902,1,3,1,1,1902,3,1,3,7,1,2,2,567,1,1,207,0,1,5,2010,1,1,335000,12.7218858108072
"156",1,1,18,1,1,7,5,2003,1,1,1,1,783,1,1,1,1,1509,3,1,1,8,1,1,3,393,1,1,75,0,1,7,2006,1,1,180000,12.1007121298723
"29",1,1,18,1,2,7,5,2004,1,1,1,1,1530,1,1,1,1,1530,3,1,1,7,1,1,3,630,1,1,36,0,1,11,2007,1,6,259000,12.4645833406817
"456",1,1,19,4,2,8,5,2001,1,1,1,1,1338,1,1,1,1,1338,2,1,1,6,1,0,1,582,1,1,0,0,1,4,2010,1,1,213500,12.2713921116508
"815",1,1,12,1,2,5,7,1962,2,2,2,1,931,1,3,1,1,1283,3,1,2,6,1,0,1,506,1,1,0,0,1,10,2008,1,1,140000,11.8493977015914
"679",1,1,16,1,2,6,7,1950,2,1,2,2,1202,1,3,1,1,2158,4,1,1,7,1,1,3,576,1,1,29,0,2,6,2007,1,1,243000,12.4008167223227
"336",1,1,11,4,2,7,5,2003,1,1,1,1,1405,1,1,1,1,1405,2,1,1,6,1,1,3,478,1,1,36,0,1,3,2006,1,1,171750,12.0537952100846
"624",1,1,10,1,2,5,4,1957,2,1,2,1,1134,1,1,1,1,1803,3,1,2,8,3,1,2,484,1,1,0,0,4,1,2006,1,1,155000,11.9511803959014
"640",4,1,6,5,1,6,5,2000,1,1,1,1,756,1,1,1,1,1573,3,1,1,5,1,0,1,440,1,1,32,0,1,6,2010,1,1,177500,12.0867258878976
"502",1,1,19,1,2,7,5,2005,1,1,3,1,1530,1,1,1,1,1530,3,1,1,7,1,1,3,430,1,1,36,0,1,6,2009,1,1,260000,12.4684369099977
"573",1,1,17,1,2,8,5,2006,1,1,1,1,1476,1,1,1,1,1484,2,1,3,6,1,1,3,472,1,1,33,0,1,12,2007,1,1,265900,12.4908755772311
"184",1,1,22,4,2,7,5,2005,1,1,1,1,1248,1,1,1,1,1248,2,1,1,5,1,0,1,438,1,1,0,0,1,3,2006,2,3,167240,12.0271851854705
"34",1,1,3,1,2,4,5,1922,2,1,5,1,700,1,1,1,1,1180,2,1,4,5,1,1,3,252,1,2,0,0,1,7,2006,1,1,137500,11.8313791960888
"412",1,1,17,1,2,5,4,1963,2,1,2,1,1572,1,2,1,1,1572,3,1,2,5,1,2,2,995,1,1,263,0,1,5,2007,1,1,186700,12.1372583295298
"215",1,1,6,1,2,8,5,2006,1,1,1,1,1623,1,1,1,1,1636,3,1,1,8,1,1,3,865,1,1,60,0,1,6,2007,1,1,255000,12.4490188241406
"256",4,1,6,1,1,7,6,2007,1,1,1,1,813,1,1,1,1,1665,3,1,1,7,1,0,1,562,1,1,0,0,1,5,2008,1,1,205950,12.2353886998642
"58",1,1,11,4,2,8,5,2003,3,1,3,1,1518,1,1,1,1,1518,1,1,3,6,1,1,3,588,1,1,140,0,1,4,2008,1,1,274000,12.5208833853702
"841",1,1,16,1,2,5,6,1965,1,1,2,1,1256,1,2,1,1,1256,3,1,2,6,1,0,1,276,1,1,68,0,1,6,2008,1,1,147500,11.901583454762
"192",1,1,11,4,2,8,5,2006,1,1,1,1,1324,1,1,1,1,1324,2,1,1,6,1,1,3,550,1,1,38,0,1,12,2009,1,1,254000,12.4450895460007
"725",1,1,9,1,4,6,6,1916,2,1,2,1,952,3,4,2,2,952,2,1,4,4,1,1,3,192,2,5,98,0,1,5,2009,1,1,121000,11.7035458245789
"66",2,1,8,1,2,3,8,1955,2,2,2,1,1162,1,1,1,1,1163,3,1,2,6,1,0,1,220,2,1,98,0,1,7,2006,1,1,126175,11.7454251112085
"333",2,1,8,1,2,4,7,1954,2,1,2,1,901,1,1,1,1,901,2,1,2,4,1,0,1,281,2,1,0,0,1,8,2008,1,1,107900,11.5889601512462
"499",1,1,3,1,2,6,7,1957,2,1,2,1,1477,1,1,1,1,1839,3,1,1,7,1,2,2,416,1,1,87,0,1,6,2007,1,1,257500,12.4587749990859
"612",5,1,13,3,2,5,5,1977,2,1,4,3,0,1,3,1,1,2020,4,2,2,10,1,2,2,630,1,1,0,0,1,10,2007,1,1,144000,11.8775685785581
"177",1,1,11,4,2,9,5,2007,3,1,3,1,1869,1,1,1,1,1869,2,1,3,6,1,1,3,617,1,1,54,0,1,12,2007,2,3,318061,12.6699984672658
"468",1,1,10,3,5,4,4,1969,2,1,1,1,1198,1,3,1,1,1258,0,2,2,6,1,0,1,400,2,1,0,0,1,1,2008,1,5,108959,11.5987269436613
"488",1,1,7,1,2,6,6,1981,2,2,1,1,1422,1,3,1,1,1422,3,1,1,7,1,1,2,576,1,1,0,0,4,6,2008,1,1,175500,12.0753943218881
"75",2,1,8,1,3,5,6,1941,2,1,2,1,676,1,1,1,1,1131,3,1,2,5,1,0,1,200,1,1,0,0,1,8,2009,1,2,66500,11.1049572266439
"81",1,1,16,1,6,6,7,1966,1,2,1,1,697,1,3,1,1,2201,4,1,1,8,1,1,3,432,3,4,236,738,4,8,2006,1,5,274970,12.5244172797888
"154",1,1,13,1,1,7,5,1990,2,1,1,1,1673,1,2,1,1,3222,5,1,1,11,1,2,2,594,1,1,0,0,1,5,2010,1,1,320000,12.6760762747759
"93",1,1,10,2,2,5,4,1965,2,1,2,1,1039,1,1,1,1,1039,3,1,2,6,1,0,1,504,1,1,0,0,1,4,2010,1,1,131500,11.7867621306
"475",1,1,1,1,2,7,5,2001,1,1,1,1,1413,1,1,1,1,1430,3,1,1,6,1,0,1,605,1,1,33,0,1,6,2009,1,1,187100,12.1393985122622
"347",1,1,8,1,2,5,8,1924,1,1,2,1,768,1,1,1,1,792,2,1,1,5,1,0,1,240,2,2,0,0,1,5,2009,1,1,109500,11.6036798282387
"251",4,1,6,1,2,8,5,2008,1,1,1,1,1566,1,1,1,1,1566,3,1,1,7,1,0,1,750,1,1,168,0,1,4,2010,1,1,262500,12.4780063610138
"778",1,1,1,1,1,7,5,2001,1,1,1,1,963,1,1,1,1,1792,3,1,1,7,1,1,2,564,1,1,96,0,1,5,2008,1,1,231500,12.3523351525084
"818",2,1,8,1,2,5,4,1910,2,1,2,1,1022,2,3,2,1,1022,2,1,2,4,6,0,1,280,1,1,30,0,1,6,2009,1,1,85000,11.3504065354725
"399",1,1,2,4,2,8,5,1996,1,1,1,1,1260,1,1,1,1,1288,1,1,3,4,1,2,3,500,1,1,30,0,1,12,2008,1,1,245500,12.4110522262167
"826",1,1,7,1,2,6,7,1981,1,2,1,1,1440,1,1,1,1,1440,3,1,1,7,1,1,2,467,1,1,0,0,1,4,2007,1,1,182900,12.116694834379
"361",2,1,8,1,2,5,5,1948,2,1,2,1,789,1,1,1,1,789,2,1,2,5,1,0,1,250,1,1,0,0,1,4,2008,1,3,115000,11.6526874073454
"470",1,1,16,1,2,6,5,1953,2,1,2,1,1094,1,1,1,1,1094,3,1,2,5,1,2,3,495,1,1,0,0,1,6,2008,1,1,155000,11.9511803959014
"19",1,1,18,1,1,7,5,1998,1,1,1,1,930,1,2,1,1,1886,4,1,1,10,1,1,2,431,1,1,0,0,1,7,2006,1,1,199900,12.2055725204885
"716",1,1,22,4,2,8,5,2006,1,1,1,2,1520,1,1,1,1,1567,1,1,3,7,1,1,3,648,1,1,0,0,1,10,2006,2,3,264561,12.4858271275094
"717",4,1,6,1,1,10,5,2008,3,1,3,1,1017,1,1,1,1,2007,3,1,3,10,1,1,5,812,1,1,52,0,1,4,2009,1,1,310000,12.6443275764613
"724",1,1,5,1,2,5,5,1977,2,1,2,1,1126,1,4,1,1,1126,3,1,2,5,1,1,3,484,1,1,41,0,1,5,2006,1,1,160000,11.982929094216
"521",2,1,8,1,7,7,7,1914,2,1,1,1,880,2,4,2,1,1768,2,1,2,6,1,2,2,320,1,1,341,0,1,10,2006,1,1,163000,12.0015054797889
"754",1,1,12,1,2,5,7,1959,2,1,4,3,0,1,3,1,1,882,3,1,2,5,1,0,1,294,1,1,0,0,2,7,2007,1,1,106500,11.5759002641316
"117",1,1,18,1,1,8,5,2005,1,1,1,1,893,1,1,1,1,1801,3,1,1,8,1,1,3,800,1,1,116,0,1,6,2006,1,1,239900,12.3879774488278
"682",1,1,7,1,2,5,6,1973,2,1,1,1,1176,1,2,1,1,1178,3,1,1,5,1,1,4,439,1,1,0,0,2,11,2008,1,1,157000,11.9640010843304
"414",1,1,18,1,6,7,5,2000,2,1,1,1,384,1,1,1,1,1430,3,1,2,8,1,1,2,400,1,1,0,0,1,12,2007,1,1,170000,12.0435537160324
"753",1,1,3,1,2,5,7,1938,2,2,5,4,920,1,1,1,1,954,2,1,4,5,1,1,3,240,2,1,0,0,2,6,2007,1,1,119750,11.6931615152732
"120",1,1,12,1,2,5,6,1961,2,1,2,1,1050,1,3,1,1,1050,3,1,2,6,1,0,1,368,1,1,319,0,1,1,2006,3,1,136500,11.8240798936072
"767",2,1,9,1,3,6,6,1931,2,1,2,4,884,1,3,1,3,1367,3,1,2,6,1,1,3,560,1,1,0,0,1,11,2007,1,1,127500,11.7558716435806
"132",1,1,1,1,1,7,5,2003,1,1,1,1,798,1,1,1,1,1640,3,1,1,6,1,0,1,595,1,1,45,0,1,6,2008,1,1,183000,12.1172414318236
"526",2,1,8,1,3,6,8,1910,2,2,2,4,485,1,2,1,1,1635,2,1,1,5,1,0,1,255,2,1,0,0,1,6,2006,1,1,117000,11.6699292137799
"386",1,1,1,1,2,6,5,2006,1,1,1,1,1314,1,2,1,1,1314,3,1,1,6,1,1,3,440,1,1,22,0,1,3,2007,1,1,176432,12.0806908119985
"348",2,1,8,1,1,5,6,1880,2,1,5,4,636,1,3,1,3,1750,3,1,3,8,1,0,1,240,2,5,0,0,2,6,2006,1,2,124000,11.7280368445872
"669",1,1,5,1,2,5,6,1968,2,1,2,1,864,1,3,1,1,874,3,1,2,5,1,0,1,288,1,1,0,0,3,11,2009,1,1,130000,11.7752897294377
"56",1,1,10,1,5,5,5,1982,2,1,1,1,858,1,3,1,1,858,2,1,2,5,1,0,1,576,1,1,0,0,1,4,2009,1,1,134900,11.8122890421958
"382",2,1,8,1,2,5,6,1948,2,1,2,1,1559,1,2,1,1,1559,2,1,2,5,4,0,1,812,1,1,116,0,3,6,2007,3,1,153500,11.9414558460094
"613",1,1,13,3,2,5,5,1979,2,1,4,3,0,1,3,1,1,1535,4,2,2,8,1,0,1,400,1,1,0,0,1,6,2009,1,5,118858,11.6856847822605
"74",2,1,8,2,3,6,7,1905,2,1,5,1,482,1,1,2,1,1912,3,2,2,7,1,1,2,672,3,1,25,0,1,4,2008,1,1,163000,12.0015054797889
"307",1,1,12,1,2,7,5,1968,1,1,2,1,2110,1,1,1,1,2110,3,1,3,8,1,2,2,522,1,1,0,0,1,4,2010,1,1,244000,12.4049235042753
"813",1,1,12,1,2,5,5,1950,2,1,4,3,0,1,2,1,1,1048,3,1,2,7,2,0,1,420,1,1,27,0,1,7,2008,1,1,98300,11.4957793061353
"159",1,1,7,3,2,5,5,1973,2,1,2,1,1656,1,3,1,1,1656,4,2,2,8,1,0,1,506,1,1,211,0,1,11,2008,1,1,135000,11.8130300574206
"757",1,1,12,1,2,6,4,1953,2,1,2,1,1505,1,1,1,1,1505,2,1,2,6,1,1,2,505,1,1,0,0,1,2,2009,1,1,149500,11.9150516718129
"77",1,1,18,1,1,6,5,2000,2,1,1,1,953,1,1,1,1,1664,3,1,2,7,1,1,2,460,1,1,40,0,1,1,2006,1,1,172400,12.0575726372117
"706",1,1,17,1,1,7,5,2002,1,1,1,1,817,1,1,1,1,1894,4,1,1,8,1,1,3,510,1,1,40,0,1,2,2010,1,1,214900,12.2779280826306
"491",2,1,8,1,2,5,6,1927,2,1,2,1,1008,1,2,1,3,1028,2,1,2,5,1,1,3,360,1,1,0,0,1,3,2010,1,1,115000,11.6526874073454
"622",1,1,12,1,2,5,8,1965,2,1,2,1,864,1,2,1,1,1200,1,1,1,6,1,0,1,884,1,1,64,0,2,10,2006,1,1,146000,11.8913619006905
"83",4,1,6,5,1,6,5,2000,1,1,1,1,756,1,1,1,1,1525,3,1,1,5,1,1,2,440,1,1,0,0,1,6,2007,1,1,177000,12.083905011556
"777",1,1,18,1,1,6,5,1997,2,1,1,1,926,1,1,1,1,1604,3,1,2,7,1,1,2,470,1,1,36,0,1,7,2008,1,1,181000,12.106252310248
"821",1,1,12,1,2,5,7,1953,1,1,2,1,105,1,2,1,1,910,3,1,1,5,1,0,1,414,1,1,0,0,3,10,2008,1,1,116000,11.6613454700885
"727",1,1,20,1,1,6,5,1988,1,1,1,1,1151,1,3,1,1,2060,4,1,2,8,1,1,2,521,1,1,228,0,1,9,2007,1,1,211000,12.2596134124582
"390",1,1,11,1,1,9,5,2004,1,1,3,1,1462,1,1,1,1,2224,4,1,3,10,1,1,3,738,1,1,0,0,1,6,2009,1,1,350000,12.7656884334656
"143",1,1,12,1,2,4,6,1971,2,1,2,1,858,1,3,1,1,858,2,1,2,4,1,0,1,684,1,1,0,0,1,6,2007,1,1,110000,11.6082356447746
"162",2,1,16,5,1,6,5,2004,1,1,1,1,970,1,1,1,1,1709,3,1,1,7,3,0,1,380,1,1,40,0,1,4,2006,1,1,130000,11.7752897294377
"358",1,1,1,1,2,8,5,2001,1,1,1,1,1753,1,1,1,1,1788,3,1,3,7,1,1,2,522,1,1,151,0,1,6,2009,1,1,236500,12.3737034869141
"118",1,1,1,1,1,7,5,2002,1,1,1,1,831,1,1,1,1,1660,3,1,1,7,1,0,1,493,1,1,68,0,1,7,2009,1,1,195000,12.1807548375459
"380",2,1,9,1,3,4,5,1947,2,1,4,3,0,1,2,2,1,912,2,1,2,3,1,0,1,0,4,3,0,0,1,7,2006,1,1,80500,11.2960124634067
"104",1,1,16,1,3,6,4,1945,2,1,2,4,735,1,3,1,3,1487,3,1,2,7,1,1,3,220,1,1,140,0,2,4,2010,1,1,113000,11.6351430976945
"315",1,1,12,1,1,6,6,1962,2,1,2,1,858,1,1,1,1,1716,4,1,2,8,1,1,3,490,1,1,84,0,1,3,2008,1,1,171000,12.0494188354848
"866",1,1,4,1,1,7,5,1995,1,1,1,1,1203,1,1,1,1,2520,4,1,1,9,1,1,2,721,1,1,114,0,1,6,2007,1,2,290000,12.5776362019627
"560",1,1,12,1,2,6,6,1964,2,1,2,1,1251,1,3,1,1,1251,3,1,2,6,1,2,3,461,1,1,116,0,2,3,2006,1,1,160000,11.982929094216
"772",1,1,19,4,2,8,5,1993,1,1,1,1,1337,1,2,1,1,1337,2,1,1,5,1,1,2,462,1,1,0,0,1,10,2008,1,1,180000,12.1007121298723
"781",1,1,5,1,2,5,5,1984,2,1,2,1,876,1,3,1,1,923,3,1,2,5,1,0,1,264,1,1,0,0,2,10,2008,1,1,119500,11.6910716503537
"240",1,1,3,1,1,7,7,1941,2,1,2,1,704,1,1,1,1,1564,3,1,4,7,1,1,3,234,1,1,0,0,1,7,2009,1,1,174500,12.0696800206246
"616",1,1,16,2,1,5,7,1910,2,1,1,1,1117,1,3,1,1,1347,3,1,2,5,1,0,1,0,4,3,0,0,1,1,2008,1,1,107500,11.5852461265499
"581",1,1,1,1,2,7,5,2004,1,1,1,1,1436,1,1,1,1,1436,3,1,1,8,1,0,1,484,1,1,98,0,1,4,2008,1,1,210000,12.2548628096996
"440",1,1,5,1,2,5,7,1982,2,1,2,1,816,1,3,1,1,816,2,1,2,5,1,0,1,264,1,1,0,0,1,6,2007,1,1,124500,11.7320609948869
"554",1,1,13,1,2,7,7,1990,1,1,1,1,2158,1,2,1,1,2196,3,1,1,7,1,1,2,701,1,1,70,0,1,6,2009,1,1,271900,12.5131896306206
"562",4,1,6,5,1,7,5,2005,1,1,1,1,600,1,1,1,1,1223,2,1,1,4,1,0,1,480,1,1,166,0,1,7,2006,1,1,147400,11.9009052587374
"756",1,1,1,1,2,7,5,2007,1,1,1,1,1208,1,1,1,1,1208,2,1,1,6,1,0,1,628,1,1,54,0,1,9,2007,2,3,195400,12.1828040185908
"207",2,1,8,1,2,5,7,1940,2,2,2,1,788,1,3,1,1,804,2,1,1,4,1,2,3,240,1,1,0,0,2,2,2010,1,2,119000,11.6868787720937
"597",1,1,12,1,2,5,7,1959,2,2,2,1,1063,1,1,1,1,1287,3,1,1,7,1,1,3,576,1,1,17,0,1,3,2010,1,1,162000,11.9953516142145
"328",1,1,3,1,1,6,7,1923,2,2,2,4,602,1,3,1,1,1502,3,1,1,7,1,2,2,180,1,1,0,0,1,8,2007,1,1,165000,12.0137007528827
"771",2,1,14,1,3,6,6,1937,2,1,2,1,780,1,3,1,1,1376,3,1,2,7,1,1,3,198,1,1,0,0,1,6,2006,1,1,119500,11.6910716503537
"689",1,1,10,1,2,5,7,1962,2,2,2,1,999,1,2,1,1,999,3,1,1,6,1,0,1,264,1,1,132,0,1,3,2007,1,1,132500,11.7943379244084
"291",1,1,1,1,2,5,6,1975,2,1,1,1,924,1,3,1,1,924,3,1,2,5,1,0,1,280,1,1,0,0,2,4,2008,1,1,110000,11.6082356447746
"688",1,1,1,1,2,6,5,2003,1,1,1,1,1682,1,1,1,1,1700,3,1,1,7,1,0,1,544,1,1,23,0,1,5,2006,1,1,200000,12.2060726455302
"61",1,1,2,1,2,6,8,1976,2,1,1,1,1262,1,1,1,1,1262,3,1,2,6,1,1,2,460,1,1,0,0,1,5,2007,1,1,181500,12.109010932687
"852",1,1,10,1,2,5,6,1957,2,1,1,1,1392,1,3,1,1,1392,3,1,2,5,5,1,3,528,1,1,0,0,1,5,2010,1,1,121500,11.7076695417627
"846",1,1,10,1,2,4,5,1963,2,1,2,1,1051,1,2,1,1,1382,3,1,2,6,1,1,6,459,1,1,82,0,1,10,2006,1,1,148000,11.9049675527463
"596",1,1,24,1,2,6,5,1930,2,1,1,1,768,1,3,2,1,790,2,1,2,4,1,0,1,160,2,1,141,0,1,4,2008,1,1,91000,11.418614785499
"519",1,1,1,1,2,5,7,1972,2,1,2,1,780,1,1,1,1,780,2,1,2,4,1,0,1,352,1,1,0,0,2,1,2008,1,1,124900,11.7352686961137
"487",1,1,10,1,2,5,5,1968,2,1,2,1,948,1,3,1,1,948,3,1,2,6,1,0,1,300,1,1,0,0,1,5,2007,1,6,108000,11.5898865061064
"417",1,1,20,1,1,5,5,1967,2,1,2,2,1013,1,3,1,1,2126,3,1,2,7,4,0,1,538,1,1,0,0,1,6,2009,1,2,185000,12.1281111040605
"677",2,1,14,1,2,5,2,1920,2,3,5,5,961,1,2,1,5,1077,2,1,2,6,6,0,1,338,6,5,0,0,1,11,2007,1,2,67000,11.1124478983731
"480",1,1,10,1,2,5,7,1918,2,2,2,1,816,1,1,1,1,1416,3,1,1,7,1,0,1,576,1,1,0,0,1,8,2007,1,1,112000,11.6262541502772
"54",1,1,11,1,2,8,5,2006,1,1,1,1,1626,1,1,1,1,1634,3,1,1,7,1,1,3,866,1,1,44,0,1,5,2007,1,1,250000,12.4292161968444
"629",1,1,3,1,1,6,7,1915,2,1,1,1,840,1,1,1,1,1680,4,1,2,8,1,0,1,308,1,1,0,0,1,3,2008,1,1,177000,12.083905011556
"171",1,1,12,1,2,5,7,1956,2,1,2,1,936,1,1,1,1,936,2,1,2,4,1,0,1,308,1,1,0,0,1,5,2010,1,1,129000,11.7675676833438
"840",4,1,6,1,1,8,5,2006,1,1,1,1,1095,1,2,1,1,1939,3,1,1,8,1,1,3,1053,1,1,51,0,1,8,2006,2,3,266000,12.4912515877638
"306",1,1,10,1,2,5,7,1966,2,1,2,1,876,1,3,1,1,904,3,1,2,6,1,0,1,408,1,1,0,0,2,12,2008,1,2,109900,11.6073261403917
"388",1,1,16,1,1,5,8,1948,2,2,2,2,896,1,1,1,1,2008,3,1,3,8,1,0,1,230,1,1,0,0,1,8,2006,1,1,225000,12.3238556811866
"51",2,1,8,1,3,5,5,1930,2,1,2,1,912,1,2,1,3,1248,2,1,2,6,1,0,1,160,2,2,0,0,1,3,2007,1,1,87000,11.3736633976367
"592",1,1,11,1,1,8,5,2004,1,1,3,1,1136,1,1,1,1,2468,4,1,1,10,1,1,3,872,1,1,154,0,1,6,2007,1,1,354000,12.7770521921159
"128",1,1,24,1,3,6,7,1919,2,1,2,1,804,1,1,1,1,2447,4,1,1,10,4,1,3,336,1,1,0,0,1,3,2010,1,1,169000,12.0376539939052
"125",1,1,16,1,2,5,5,2005,2,1,3,2,1090,1,2,1,1,1090,2,1,2,5,1,0,1,450,1,1,49,0,1,6,2007,1,1,157000,11.9640010843304
"812",1,1,5,1,3,6,7,1940,2,1,1,1,983,1,1,1,1,1750,4,1,2,7,5,0,1,423,1,1,0,0,1,7,2008,1,1,160000,11.982929094216
"567",1,1,13,1,1,6,5,1992,1,1,1,1,1055,1,1,1,1,1845,3,1,1,8,1,1,2,462,1,1,104,0,4,5,2010,1,1,189000,12.1495022940418
"749",1,1,19,1,1,8,5,2006,3,1,3,2,1234,1,1,1,1,2576,4,1,3,10,1,1,3,666,1,1,100,0,1,7,2006,2,3,361919,12.7991757088645
"426",1,1,10,1,2,6,8,1963,2,1,2,1,1059,1,3,1,1,1068,3,1,2,6,1,0,1,264,1,1,0,0,2,2,2006,1,1,154500,11.9479493753199
"737",1,1,12,1,2,4,6,1957,2,1,2,1,907,1,1,1,1,907,3,1,2,5,1,0,1,352,1,1,0,0,1,7,2008,1,1,109008,11.5991765530135
"356",2,1,9,1,2,5,6,1930,2,1,2,1,742,1,3,1,3,935,2,1,2,4,1,0,1,308,1,1,0,0,1,8,2008,1,1,79500,11.2835123006424
"525",1,1,19,1,2,9,5,2008,3,1,3,1,2216,1,1,1,1,2234,1,1,3,9,1,1,3,1166,1,1,60,0,1,7,2009,2,3,501837,13.1260306447518
"371",2,1,8,1,1,7,8,1946,2,2,2,1,651,1,2,1,1,1389,3,1,2,6,1,2,3,240,1,1,0,0,1,9,2009,1,1,135000,11.8130300574206
"687",1,1,22,4,2,7,5,2005,1,1,1,1,1145,1,1,1,1,1145,2,1,1,5,1,1,3,397,1,1,16,0,1,9,2009,1,1,160200,11.9841783136164
"614",1,1,9,1,2,4,5,1926,2,2,5,1,600,1,2,1,1,747,1,1,2,5,1,0,1,528,1,1,0,0,1,6,2006,1,1,79900,11.2885311317544
"784",1,1,12,3,1,5,5,1948,2,1,2,1,928,1,2,1,3,1920,4,2,2,10,1,0,1,400,1,2,0,0,1,7,2007,1,1,137000,11.8277362048103
"528",1,1,12,1,3,6,7,1962,2,1,2,1,912,1,3,1,1,1734,3,1,1,7,1,1,3,440,1,1,0,0,4,6,2006,1,1,159000,11.9766594812024
"587",1,1,5,1,2,6,6,1977,2,1,2,1,1196,1,3,1,1,1279,3,1,2,6,1,2,4,473,1,1,83,0,2,2,2008,1,1,171500,12.0523385455881
"731",3,1,14,1,2,3,4,1935,4,1,2,1,894,1,3,1,1,894,2,1,2,6,1,0,1,1248,1,1,20,0,1,8,2008,4,1,81000,11.3022044336546
"863",2,1,5,4,2,6,5,1999,2,1,3,1,1224,1,1,1,1,1224,2,1,2,5,1,0,1,402,1,1,304,0,1,6,2009,1,1,165000,12.0137007528827
"284",1,1,6,1,2,8,5,2005,1,1,3,1,2077,1,1,1,1,2097,1,1,3,8,1,1,5,1134,1,1,267,0,1,1,2006,2,3,423000,12.9551274580284
"198",1,1,16,1,2,3,5,1955,2,1,4,3,0,1,1,1,3,1733,4,1,2,8,4,1,3,452,1,1,0,0,1,6,2009,1,1,139600,11.8465364693104
"785",1,1,7,1,1,6,6,1968,1,1,2,1,702,1,2,1,1,1743,3,1,2,7,1,1,3,539,1,1,0,0,1,6,2007,1,1,175000,12.0725412529057
"7",2,1,9,1,4,7,8,1929,2,1,2,1,832,1,1,1,3,854,2,1,2,5,1,0,1,576,1,1,112,0,4,7,2007,1,1,132000,11.7905572015685
"115",1,1,16,1,1,10,5,2008,3,1,3,1,6110,1,1,1,1,5642,3,1,3,12,1,3,3,1418,1,1,292,480,1,1,2008,2,3,160000,11.982929094216
"718",2,1,9,1,4,5,6,1924,2,1,2,1,784,1,2,1,1,784,2,1,1,5,1,0,1,0,4,3,0,0,1,5,2008,1,1,109500,11.6036798282387
"816",1,1,12,1,2,5,3,1961,2,1,2,1,1235,1,3,1,1,1235,2,1,2,6,1,0,1,480,1,1,0,0,3,12,2006,1,2,98600,11.4988265405907
"11",1,1,6,1,2,7,5,2008,1,1,1,1,1417,1,1,1,1,1428,3,1,3,6,1,0,1,554,1,1,60,0,1,7,2008,2,3,227680,12.3356964133237
"193",1,1,12,1,3,6,5,1950,2,1,2,1,1032,1,3,1,3,1252,3,1,2,6,1,0,1,288,1,1,0,0,1,4,2008,1,2,119000,11.6868787720937
"319",1,1,1,1,2,5,6,1995,2,1,1,1,1099,1,1,1,1,1099,3,1,1,6,1,0,1,352,1,1,0,0,1,6,2008,1,1,144000,11.8775685785581
"401",2,1,8,1,1,5,4,1892,2,1,2,1,994,1,3,2,1,2372,4,2,2,11,4,0,1,432,1,1,287,0,1,12,2009,1,1,107500,11.5852461265499
"235",1,1,1,1,1,6,5,1997,2,2,1,1,824,1,1,1,1,1786,3,1,1,7,1,0,1,684,1,1,162,0,1,5,2007,1,1,204750,12.2295450017153
"164",1,1,18,1,1,7,5,2004,1,1,1,1,840,1,1,1,1,1720,3,1,1,7,1,1,3,440,1,1,48,0,1,5,2007,1,1,183500,12.1199699464768
"173",1,1,7,1,2,7,5,1976,2,1,1,1,1090,1,3,1,1,1370,3,1,2,6,1,1,2,479,1,1,0,0,2,6,2009,1,6,152000,11.9316357998284
"776",1,1,19,4,2,8,5,2001,1,1,3,1,1593,1,1,1,1,1593,0,1,3,5,1,1,3,682,1,1,120,0,1,8,2008,1,1,286000,12.563747089802
"309",1,1,5,1,3,5,5,1993,2,1,1,1,796,1,1,1,1,1362,1,1,2,5,1,0,1,480,1,1,30,0,2,10,2009,1,1,143000,11.870599909242
"439",1,1,11,1,1,7,5,2003,1,1,1,1,998,1,1,1,1,2046,3,1,1,8,1,1,3,871,1,1,62,0,1,8,2008,1,1,284000,12.5567295171433
"335",1,1,12,1,2,6,9,1962,1,2,2,1,1319,1,3,1,1,1537,3,1,1,7,1,1,3,462,1,1,36,0,4,7,2008,3,2,174000,12.0668105781967
"160",1,1,1,1,1,7,5,2006,1,1,1,1,728,1,1,1,1,1456,3,1,1,8,1,1,2,440,1,1,0,0,1,7,2007,2,3,155835,11.9565530341727
"517",2,1,1,4,2,6,5,2004,1,1,1,1,848,1,1,1,1,848,1,1,1,3,1,1,3,420,1,1,0,0,1,1,2008,1,1,149000,11.9117015849276
"788",1,1,16,1,3,6,7,1918,2,1,1,1,1163,1,1,1,1,1674,4,1,2,8,1,1,3,396,1,1,36,0,1,7,2008,1,1,185000,12.1281111040605
"141",1,1,10,1,6,5,6,1958,2,2,2,1,533,1,3,1,1,1601,3,1,2,6,4,0,1,300,1,1,34,0,1,12,2008,1,1,140000,11.8493977015914
"477",1,1,4,1,2,8,6,1995,1,2,1,1,2109,1,1,1,1,2113,2,1,1,7,1,1,2,839,1,1,46,0,1,8,2008,1,1,350000,12.7656884334656
"139",2,1,10,3,3,6,5,1978,2,1,4,3,0,1,3,1,1,1902,4,2,2,8,1,0,1,539,1,1,0,0,1,4,2010,1,1,112000,11.6262541502772
"298",1,1,7,1,2,6,7,1977,1,1,1,1,1602,1,2,1,1,1602,3,1,1,8,1,1,2,529,1,1,0,0,1,6,2009,1,1,215000,12.2783933071098
"838",1,1,1,1,2,6,5,1997,2,1,1,1,1478,1,1,1,1,1493,3,1,1,7,1,1,2,508,1,1,39,0,1,4,2008,1,1,208900,12.2496109475447
"564",2,1,8,1,3,5,6,1941,2,1,2,1,720,1,3,1,1,1382,2,1,2,7,1,0,1,660,1,1,0,0,1,5,2007,1,1,128500,11.7636841833174
"702",1,1,19,4,2,8,5,2000,1,1,1,1,1494,1,1,1,1,1652,2,1,3,6,1,0,1,499,1,1,48,0,1,8,2007,1,1,251000,12.4332082181139
"190",1,1,11,5,1,7,5,2003,1,1,1,1,764,1,1,1,1,1626,2,1,1,6,1,0,1,474,1,1,27,0,1,6,2010,1,1,175500,12.0753943218881
"469",1,1,8,1,3,4,6,1920,4,1,2,1,840,1,1,1,1,1374,2,1,2,6,1,0,1,338,1,1,0,0,1,10,2009,1,1,105000,11.5617156291397
"262",1,1,21,4,1,6,6,1976,2,1,1,1,804,1,3,1,1,1548,3,1,1,7,1,1,2,440,1,1,0,0,1,7,2007,1,1,155000,11.9511803959014
"681",1,1,7,1,1,6,6,1968,2,1,2,1,727,1,1,1,1,1556,4,1,2,8,1,0,1,441,1,1,0,0,1,5,2009,1,1,154000,11.9447078813958
"873",1,1,1,1,1,8,5,2007,1,1,1,1,866,1,1,1,1,1768,3,1,1,7,1,0,1,578,1,1,105,0,1,4,2009,1,1,212000,12.2643415536542
"467",1,1,1,1,2,7,5,2002,1,1,1,1,1654,1,1,1,1,1654,3,1,1,6,1,0,1,900,1,1,136,0,1,2,2006,1,1,230000,12.3458345879053
"858",2,1,8,1,1,7,9,1928,2,5,2,1,689,1,1,1,1,1378,3,1,1,7,1,1,3,360,1,1,0,0,1,10,2008,1,1,161000,11.9891596439666
"277",1,1,20,1,1,6,8,1966,2,1,2,4,832,1,2,1,1,2087,5,1,1,9,1,0,1,444,1,1,168,0,1,7,2007,1,1,187500,12.1415341243926
"18",1,1,22,4,2,7,5,2006,1,1,1,1,1356,1,1,1,1,1500,2,1,1,6,1,1,3,648,1,1,20,0,1,10,2006,2,3,246578,12.4154336524317
"453",1,1,2,4,2,8,5,1993,1,1,1,1,1719,1,1,1,1,1719,1,1,1,6,1,2,3,473,1,1,30,0,1,5,2008,8,1,324000,12.6884987947745
"145",1,1,12,3,2,5,4,1964,2,1,2,1,1728,1,3,1,1,1728,6,2,2,10,1,0,1,352,1,1,0,0,1,11,2007,1,1,119000,11.6868787720937
"351",1,1,21,4,2,6,6,1977,2,1,1,1,1069,1,3,1,1,1069,2,1,2,4,1,0,1,440,1,1,55,0,1,10,2008,3,2,140000,11.8493977015914
"331",1,1,12,3,2,3,4,1950,2,1,4,3,0,1,2,2,2,1040,2,2,2,6,1,0,1,400,1,1,0,0,1,7,2006,1,1,93500,11.4457167152768
"765",2,1,8,1,1,6,4,1880,2,1,2,1,1008,2,3,1,1,2210,5,1,4,8,1,0,1,205,2,1,48,0,1,5,2007,1,1,117500,11.6741936125664
"3",1,1,17,1,2,9,5,2006,3,1,3,1,1838,1,1,1,1,1838,2,1,3,8,1,1,3,765,1,1,68,0,1,3,2009,1,1,315000,12.6603279178078
"372",1,1,7,1,2,7,7,1984,1,1,1,1,1208,1,1,1,1,1621,3,1,1,8,1,0,1,440,1,1,45,0,1,5,2006,1,1,202500,12.2184951655287
"789",1,1,7,1,2,6,6,1974,2,1,2,1,1040,1,4,1,1,1309,3,1,1,5,1,1,4,484,1,1,0,648,4,1,2006,1,1,181000,12.106252310248
"359",1,1,11,1,2,8,5,2003,1,1,1,1,3206,1,1,1,1,1629,3,1,1,7,1,1,3,880,1,1,0,0,1,10,2009,1,1,284000,12.5567295171433
"811",1,1,16,1,2,4,7,1946,2,1,4,3,0,1,1,1,1,930,2,1,1,6,1,0,1,308,1,1,0,0,1,4,2010,1,2,84900,11.3492293722994
"503",2,1,8,1,7,6,6,1914,2,1,2,1,742,1,1,1,1,1484,3,1,2,9,1,1,3,0,4,3,291,0,1,6,2008,1,1,128000,11.7597855429018
"378",1,1,10,1,2,5,7,1961,2,1,2,1,912,1,3,1,1,1236,3,1,2,6,1,1,2,288,1,1,0,0,1,6,2006,1,1,135000,11.8130300574206
"662",1,1,4,1,1,8,5,1998,1,1,1,1,1470,1,2,1,1,2630,4,1,1,8,1,1,2,696,1,1,66,0,1,6,2008,1,1,315000,12.6603279178078
"723",1,1,12,1,2,5,6,1960,2,1,2,1,1269,1,3,1,3,1269,3,1,2,6,1,1,4,308,1,1,0,0,1,6,2008,1,1,155000,11.9511803959014
"572",1,1,5,1,2,5,5,1954,2,1,2,1,988,1,1,1,3,988,2,1,2,4,1,0,1,520,1,1,0,0,1,2,2008,1,1,113000,11.6351430976945
"410",1,1,10,1,2,5,5,1968,2,1,2,1,952,1,1,1,1,1211,3,1,2,5,1,1,2,322,1,1,63,0,1,8,2008,1,1,134000,11.805595078933
"353",1,1,24,1,3,6,7,1940,2,1,2,1,778,1,3,1,1,1489,3,1,2,7,1,1,3,240,1,1,0,0,3,7,2009,1,1,139500,11.8458198802436
"357",1,1,4,1,1,8,5,1998,1,1,1,1,1284,1,1,1,1,2450,3,1,1,7,1,1,2,1069,1,1,126,0,1,5,2009,1,1,340000,12.7367008965923
"609",1,1,13,4,2,6,5,1984,2,1,1,1,744,1,3,1,1,752,2,1,2,4,1,0,1,264,1,1,0,0,2,2,2010,1,1,125000,11.7360690162844
"719",1,1,24,1,3,5,5,1926,2,3,2,1,1008,1,1,1,1,1522,4,1,2,7,1,0,1,0,4,3,0,0,1,6,2006,1,1,102000,11.5327280922664
"798",4,1,6,4,2,8,5,2005,1,1,1,1,1247,1,1,1,1,1247,1,1,1,4,1,1,3,550,1,1,84,0,1,4,2006,1,1,197000,12.1909590077201
"799",1,1,22,4,2,7,5,2005,1,1,1,1,1346,1,1,1,1,1504,1,1,1,7,1,1,3,457,1,1,0,0,1,5,2009,1,1,181000,12.106252310248
"598",1,1,1,1,1,7,5,2006,1,1,1,1,939,1,1,1,1,1797,3,1,1,8,1,0,1,639,1,1,53,0,1,4,2007,1,1,213500,12.2713921116508
"578",1,1,12,1,3,6,8,1950,2,2,2,1,856,1,1,1,1,1668,3,1,2,6,4,0,1,271,1,1,0,0,2,9,2009,1,1,140000,11.8493977015914
"676",4,1,6,1,2,7,5,2007,1,1,3,1,1372,1,1,1,1,1372,3,1,1,6,1,0,1,529,1,1,140,0,1,5,2008,2,3,250580,12.4315335097995
"819",1,1,18,1,2,7,5,1995,2,1,1,2,1237,1,2,1,1,1253,3,1,2,6,1,1,2,402,1,1,21,0,1,6,2007,1,1,176000,12.0782392740203
"248",1,1,1,1,1,8,5,1995,1,1,1,1,1220,1,1,1,1,2090,3,1,1,8,1,1,2,556,1,1,65,0,1,12,2007,1,1,240000,12.3883942023241
"620",1,1,11,1,2,9,5,2003,1,1,3,1,1792,1,1,1,1,1792,2,1,3,6,1,1,3,874,1,1,49,0,1,8,2006,1,1,374000,12.8320110763967
"843",1,1,17,1,3,7,5,1990,1,2,1,1,1156,1,1,1,1,1717,3,1,1,7,1,1,2,400,1,1,36,0,1,4,2007,1,1,187500,12.1415341243926
"739",1,1,11,4,2,9,5,2008,3,1,3,1,1702,1,1,1,1,1702,1,1,3,7,1,1,3,1052,1,1,72,0,1,10,2008,2,3,367294,12.8139178962537
"299",1,1,10,1,2,5,6,1967,2,1,2,1,876,1,3,1,1,902,3,1,2,6,1,0,1,288,1,1,0,0,2,8,2007,1,1,125500,11.740061037554
"443",5,1,12,4,2,6,5,1998,1,1,1,1,1405,1,1,1,1,1337,2,1,1,5,1,0,1,511,1,1,68,0,1,8,2008,3,2,181000,12.106252310248
"147",2,1,8,1,1,5,7,1910,2,2,5,4,264,1,1,1,1,1432,2,1,2,7,1,0,1,360,1,4,0,0,4,5,2007,1,2,132000,11.7905572015685
"516",1,1,20,1,3,6,7,1958,1,1,1,1,1444,1,2,1,1,2144,4,1,1,7,1,2,2,389,1,1,98,0,1,6,2007,1,1,277000,12.5317727851695
"489",1,1,5,1,2,5,5,2007,2,1,1,1,1120,1,1,1,1,1120,3,1,2,6,1,0,1,0,4,3,30,0,1,12,2007,2,3,147000,11.8981878657609
"102",2,1,8,1,8,10,9,1892,1,2,2,1,1107,1,1,1,1,3608,4,1,3,12,1,2,2,840,5,1,260,0,4,6,2006,1,1,475000,13.0710700830168
"859",1,1,13,1,1,8,5,1993,1,1,1,1,777,1,1,1,1,1911,3,1,1,8,1,1,2,471,1,1,81,0,1,9,2006,1,1,215000,12.2783933071098
"744",4,1,6,4,1,7,5,1999,1,1,1,1,691,1,1,1,1,1452,3,1,1,6,1,0,1,506,1,1,34,0,1,3,2006,1,1,183900,12.1221474105924
"773",1,1,10,1,2,5,5,1962,2,1,2,1,1057,1,3,1,1,1057,3,1,2,6,1,0,1,576,1,1,0,0,1,4,2007,1,1,132000,11.7905572015685
"836",1,1,12,1,2,5,8,1965,2,1,2,1,912,1,1,1,1,912,2,1,1,5,1,0,1,576,1,1,240,0,1,12,2008,1,1,147000,11.8981878657609
"158",1,1,11,1,1,9,5,2006,2,1,3,2,1249,1,1,1,1,2596,4,1,1,9,1,0,1,840,1,1,154,0,1,9,2006,2,3,342643,12.7444443677961
"732",1,1,11,1,2,8,5,2006,1,1,1,1,1935,1,2,1,1,1973,3,1,1,9,1,1,3,895,1,1,45,0,1,7,2007,2,3,395000,12.8866410438833
"181",1,1,16,1,1,7,5,2003,1,1,1,1,746,1,1,1,1,1656,3,1,1,7,1,1,3,397,1,1,128,0,1,7,2008,1,1,165400,12.0161220615717
"323",1,1,17,1,2,5,5,1948,2,1,2,1,747,1,3,1,1,1687,3,1,2,7,2,2,2,572,1,1,0,0,1,6,2010,1,1,160000,11.982929094216
"300",1,1,2,1,6,5,7,1978,2,1,1,1,1360,1,1,1,1,1432,2,1,1,5,1,1,2,588,1,1,180,0,1,6,2007,1,1,194000,12.1756134380455
"635",1,1,9,1,2,1,3,1946,4,3,4,3,0,1,4,2,2,334,1,1,4,2,1,0,1,0,4,3,0,0,1,1,2007,1,1,39300,10.5789797978574
"172",1,1,16,1,2,5,7,1964,2,2,2,1,1486,1,1,1,1,1486,3,1,2,7,1,0,1,480,1,1,0,0,2,3,2009,1,1,167000,12.0257490913989
"261",1,1,10,1,1,6,7,1969,2,1,2,1,663,1,3,1,1,1352,4,1,2,7,1,0,1,299,1,1,36,0,2,3,2010,1,1,158000,11.9703503120091
"57",1,1,12,1,6,5,5,1966,2,1,2,1,1024,1,3,1,1,1086,3,1,2,6,1,1,3,484,1,1,0,0,3,6,2006,1,1,159950,11.9826165453777
"590",1,1,12,1,2,6,5,1960,2,1,2,1,1253,1,3,1,1,1253,2,1,2,5,1,1,4,352,1,1,213,0,3,5,2008,1,1,157000,11.9640010843304
"364",1,1,9,1,2,4,5,1941,2,1,2,1,788,1,3,1,3,788,2,1,2,4,1,2,2,0,4,3,0,0,3,4,2006,1,2,100000,11.5129254649702
"282",1,1,7,1,6,6,6,1978,2,1,1,1,1032,1,3,1,1,1032,3,1,2,6,1,1,2,564,1,1,0,0,2,7,2007,1,1,148000,11.9049675527463
"278",1,1,3,1,1,6,7,1934,2,1,2,1,715,1,4,1,3,1660,3,1,2,6,1,1,3,240,1,1,0,0,1,8,2008,1,1,188700,12.1479137313566
"425",1,1,3,1,1,7,6,1931,2,3,1,1,776,1,3,1,1,1502,3,1,2,6,1,1,3,270,1,1,0,0,2,2,2008,1,1,149000,11.9117015849276
"437",1,1,11,1,1,9,5,2005,3,1,3,1,1848,1,1,1,1,2728,4,1,3,10,1,2,5,706,1,1,0,0,1,4,2006,2,3,437154,12.9880408147445
"157",1,1,18,1,1,7,5,2006,1,1,3,2,868,1,1,1,1,2021,3,1,1,9,1,1,3,422,1,1,100,0,1,9,2006,2,3,274725,12.5235258763151
"45",1,1,16,1,3,5,7,1918,2,1,2,1,686,2,2,1,1,1250,3,1,4,7,1,0,1,280,1,1,0,0,1,7,2006,1,1,116000,11.6613454700885
"634",2,1,15,4,1,4,4,1970,2,1,2,1,546,1,3,1,1,1092,3,1,2,6,1,0,1,286,1,1,0,0,1,8,2009,1,1,88000,11.3850920934603
"150",1,1,1,1,2,7,5,2009,2,1,1,1,1226,1,1,1,1,1226,3,1,1,6,1,0,1,740,1,1,36,0,1,5,2010,1,1,198900,12.2005574648421
"547",1,1,13,1,1,7,5,2004,1,1,1,1,956,1,1,1,1,2084,4,1,1,8,1,0,1,618,1,1,45,0,1,1,2010,1,1,233000,12.3587937325478
"185",1,1,2,1,2,9,5,1981,1,1,3,1,1842,1,2,1,1,1842,0,1,1,5,1,1,3,894,1,1,72,0,1,11,2006,1,1,385000,12.8609986132699
"862",2,1,16,4,6,5,5,2005,2,1,1,1,547,1,2,1,1,1072,2,1,2,5,1,0,1,525,1,1,28,0,1,5,2006,1,1,145000,11.8844890214027
"246",1,1,20,1,2,5,8,1968,2,1,2,1,1437,1,1,1,1,1473,1,1,3,5,1,2,3,452,1,1,48,0,1,6,2009,1,3,143000,11.870599909242
"212",1,1,10,1,2,5,6,1965,2,1,2,1,935,1,3,1,1,935,3,1,2,5,1,0,1,288,1,1,0,0,2,11,2006,1,1,137000,11.8277362048103
"647",1,1,10,1,2,5,8,1968,2,2,2,1,1060,1,1,1,1,1060,3,1,1,6,1,1,2,270,1,1,90,0,2,5,2010,1,1,154000,11.9447078813958
"30",1,1,3,1,7,7,5,1941,2,2,2,1,918,1,2,1,1,1646,4,1,2,7,1,2,3,240,1,1,0,0,2,8,2007,1,1,164000,12.0076217068063
"26",1,1,10,1,2,5,5,1965,2,1,2,1,864,1,2,1,1,864,3,1,2,5,1,1,6,360,1,1,0,0,3,12,2009,1,1,62383,11.0410480813427
"555",2,1,8,1,2,6,7,1926,2,2,2,1,1149,1,2,1,3,1616,3,1,1,5,1,0,1,216,1,1,0,0,1,10,2007,1,1,152000,11.9316357998284
"518",2,1,9,1,3,6,7,1947,2,2,2,1,1004,1,1,1,1,1664,3,1,2,7,1,2,3,420,1,1,24,0,1,10,2006,1,1,159000,11.9766594812024
"667",1,1,5,1,6,7,5,1990,2,1,1,1,1188,1,1,1,1,1217,3,1,1,6,1,0,1,497,1,1,27,0,4,6,2009,1,1,173000,12.0610468734799
"169",2,1,10,3,2,5,5,1963,2,1,2,1,1728,1,3,1,1,1728,6,2,2,10,1,0,1,504,1,1,0,0,1,11,2006,5,2,125000,11.7360690162844
"136",2,1,9,1,3,6,6,1934,2,1,2,1,816,1,3,1,1,1176,3,1,2,6,1,1,3,528,1,1,0,0,2,9,2006,1,1,114500,11.6483301019764
"379",1,1,18,1,1,6,5,1995,2,1,1,1,691,1,2,1,1,1498,3,1,2,6,1,1,2,409,1,1,44,0,1,7,2006,1,1,187500,12.1415341243926
"9",1,1,12,1,6,6,6,1955,2,1,2,1,1156,1,1,1,1,1520,3,1,2,7,1,2,3,364,1,1,0,0,1,3,2010,1,1,153000,11.9381932003746
"415",1,1,9,1,2,3,2,1940,2,4,2,1,728,1,1,1,1,1306,3,1,4,6,5,0,1,0,4,3,0,0,3,5,2010,1,1,76500,11.2450460198146
"653",1,1,12,1,2,5,6,1958,2,1,2,1,1056,1,4,1,1,1056,3,1,2,6,1,0,1,308,1,1,0,0,1,8,2007,1,1,139000,11.8422292121128
"48",1,1,6,1,2,8,5,2006,1,1,3,1,1660,1,1,1,1,1660,3,1,1,8,1,1,3,500,1,1,50,0,1,5,2006,2,3,290000,12.5776362019627
"427",1,1,7,1,1,6,6,1976,2,1,2,1,848,1,3,1,1,2030,4,1,1,8,1,1,2,551,1,1,224,0,1,6,2007,1,1,195000,12.1807548375459
"384",1,1,7,1,6,7,5,1980,2,1,1,1,1372,1,3,1,1,1472,3,1,2,6,1,2,2,588,1,1,48,0,1,6,2009,1,1,187500,12.1415341243926
"707",1,1,12,1,1,6,5,1966,2,1,2,1,660,1,3,1,1,1348,3,1,2,6,1,1,4,453,1,1,108,0,1,7,2006,1,1,155000,11.9511803959014
"790",4,1,6,4,1,7,5,2006,1,1,1,1,625,1,1,1,1,1250,2,1,1,5,1,0,1,625,1,1,54,0,1,3,2008,1,1,171900,12.0546681913709
"780",2,1,22,4,2,7,5,2004,1,1,1,1,1375,1,1,1,1,1414,2,1,1,6,1,1,2,398,1,1,20,0,1,5,2006,1,1,178740,12.0936875149354
"748",5,1,13,1,2,4,4,1950,4,3,2,4,721,1,2,1,1,841,2,1,2,4,1,0,1,294,1,1,0,0,1,9,2009,1,1,82000,11.3144745262464
"224",2,1,8,1,2,6,6,1925,2,2,2,1,1103,1,2,1,1,1103,2,1,1,5,1,1,3,440,1,1,120,0,2,7,2006,1,1,110500,11.6127707999399
"575",4,1,6,4,1,7,5,2004,1,1,1,1,600,1,1,1,1,1200,2,1,1,4,1,0,1,480,1,1,172,0,1,6,2010,1,1,151000,11.9250351157971
"86",1,1,11,1,2,10,5,2009,3,1,3,1,2006,1,1,1,1,2020,3,1,3,9,1,1,3,900,1,1,54,0,1,9,2009,2,3,402861,12.9063468682812
"400",1,1,12,1,6,5,7,1971,2,1,2,1,372,1,3,1,1,1109,3,1,2,5,1,0,1,288,1,1,0,0,3,12,2007,1,1,139000,11.8422292121128
"174",1,1,11,4,2,9,5,2005,3,1,3,1,1561,1,1,1,1,1561,2,1,3,6,1,1,3,556,1,1,47,0,1,8,2007,1,1,277500,12.5335762121686
"809",1,1,12,1,2,5,6,1954,2,1,2,1,1008,1,2,1,1,1008,2,1,2,4,1,1,3,275,1,1,0,0,1,7,2006,1,1,137000,11.8277362048103
"91",1,1,17,1,2,8,5,2002,1,1,3,1,1800,1,1,1,1,1800,3,1,1,7,1,1,3,765,1,1,78,0,1,5,2006,1,1,312500,12.6523597481586
"65",1,1,5,3,1,6,5,1971,2,1,2,1,912,1,3,1,1,1824,4,2,2,8,1,0,1,0,4,3,0,0,1,4,2010,1,1,139000,11.8422292121128
"486",1,1,7,1,2,6,5,1967,2,1,2,1,1372,1,3,1,1,1342,3,1,2,7,1,1,3,457,1,1,0,0,1,9,2009,1,1,161500,11.9922604216448
"406",2,1,14,1,3,7,4,1931,2,3,2,1,1040,1,1,1,2,1818,4,1,2,7,1,2,2,240,1,1,0,0,1,6,2007,1,1,169500,12.0406082058026
"582",1,1,4,1,2,8,5,1992,1,1,1,1,3200,1,1,1,1,3228,4,1,1,10,1,1,3,546,1,1,75,0,1,5,2007,1,1,430000,12.9715404876697
"603",1,1,11,1,2,8,5,2004,1,1,3,1,1836,1,1,1,1,1836,3,1,1,7,1,1,3,862,1,1,185,0,1,3,2009,1,1,280000,12.5425448821514
"569",1,1,22,4,2,7,5,2007,1,1,1,1,1386,1,1,1,1,1569,1,1,1,7,1,1,2,660,1,1,20,0,1,5,2009,1,1,175900,12.0776709307256
"259",2,1,1,4,2,6,5,2004,1,1,1,1,848,1,1,1,1,848,1,1,1,3,1,0,1,420,1,1,0,0,1,5,2010,1,1,143000,11.870599909242
"183",1,1,1,1,2,5,8,1978,1,2,2,1,864,1,1,1,1,864,3,1,2,6,1,0,1,336,1,1,0,0,3,7,2009,1,1,136500,11.8240798936072
"87",1,1,5,3,2,6,5,1976,2,1,2,1,1728,1,3,1,1,1728,4,2,2,8,1,0,1,574,1,1,0,0,1,7,2006,1,1,150900,11.9243726447559
"549",1,1,12,1,2,6,5,1960,2,1,2,1,1478,1,1,1,3,1478,3,1,2,6,1,2,3,498,1,1,40,0,1,12,2009,1,1,157500,11.9671807372478
"792",1,1,1,1,1,7,5,2007,1,1,3,1,1264,1,1,1,1,2696,4,1,3,10,1,1,3,792,1,1,184,0,1,10,2007,2,3,383970,12.8583197035179
"868",1,1,4,1,1,7,5,1992,1,1,1,1,750,1,1,1,1,1923,3,1,1,8,1,1,2,564,1,1,39,0,1,6,2010,1,1,190000,12.1547793511426
"47",1,1,12,1,4,6,6,1954,2,1,2,1,832,1,2,1,1,832,2,1,1,4,1,0,1,528,1,1,0,0,1,6,2008,1,1,105500,11.5664662318983
"8",1,1,12,1,2,5,5,1958,2,1,2,1,912,1,1,1,3,912,2,1,2,5,1,0,1,275,1,1,0,0,1,7,2007,3,1,114500,11.6483301019764
"782",1,1,16,1,6,6,5,1976,2,1,2,1,1029,1,3,1,1,1117,3,1,2,6,1,1,2,672,1,1,0,0,2,3,2010,1,2,107000,11.580584113444
"84",2,1,8,1,2,5,6,1957,2,1,2,1,928,1,2,1,3,928,3,1,2,5,1,0,1,288,1,1,0,0,1,6,2008,1,1,112500,11.6307085006266
"801",1,1,3,1,2,6,7,1956,2,1,2,1,1073,1,1,1,1,1811,2,1,3,6,1,1,3,470,1,1,0,0,1,7,2006,1,2,230000,12.3458345879053
"326",1,1,19,1,2,9,5,2005,1,1,3,1,1922,1,1,1,1,1922,3,1,1,8,1,1,3,676,1,1,51,0,1,7,2007,1,1,377426,12.8411298019654
"279",1,1,13,1,1,7,5,1986,1,1,2,1,1502,1,1,1,1,2730,4,1,1,8,1,1,2,576,1,1,96,0,2,8,2007,1,1,301000,12.614865543731
"276",1,1,6,1,2,8,5,2008,1,1,1,1,1573,1,1,1,1,1578,3,1,3,7,1,1,3,840,1,1,36,0,1,5,2009,2,3,287090,12.5675510344332
"254",1,1,7,1,2,6,7,1968,2,1,2,1,1489,1,2,1,1,1489,3,1,1,7,1,1,3,462,1,1,0,0,1,8,2009,1,1,185750,12.13215696258
"111",1,1,24,1,8,5,8,1939,2,1,2,1,720,1,1,1,1,2192,4,1,1,8,1,1,3,240,1,1,24,0,1,7,2008,1,1,179500,12.0979304869105
"4",2,1,8,1,3,4,7,1910,2,1,2,4,576,1,2,1,1,1140,3,1,2,7,4,0,1,0,4,3,160,0,1,6,2010,1,1,96500,11.4772982873271
"366",4,1,6,1,2,7,5,2005,1,1,1,1,1257,1,1,1,1,1266,3,1,1,6,1,1,2,453,1,1,144,0,1,4,2006,1,1,176000,12.0782392740203
"568",1,1,11,1,2,8,5,2007,3,1,3,1,1694,1,1,1,1,1694,3,1,1,7,1,0,1,818,1,1,228,0,1,12,2007,2,3,318000,12.6698066617623
"250",2,1,8,2,1,6,8,1910,2,3,5,1,1020,1,2,2,4,1928,4,2,4,9,1,0,1,440,6,5,60,0,1,4,2006,1,1,137000,11.8277362048103
"828",1,1,1,1,2,7,5,2001,1,1,1,1,1541,1,1,1,1,1541,3,1,1,6,1,1,2,843,1,1,81,0,1,1,2006,1,1,205000,12.2307652581205
"113",1,1,22,4,2,7,5,2007,1,1,1,1,1373,1,1,1,1,1555,2,1,1,7,1,1,2,660,1,1,20,0,1,6,2009,1,1,174000,12.0668105781967
"507",1,1,6,1,2,8,5,2008,1,1,1,1,1468,1,1,1,1,1468,3,1,1,6,1,1,3,898,1,1,150,0,1,12,2009,2,3,244600,12.4073795022352
"429",1,1,19,4,2,8,5,1985,1,1,1,1,1488,1,3,1,1,1502,1,1,1,4,1,0,1,528,1,1,54,0,1,6,2010,1,1,212000,12.2643415536542
"522",1,1,5,3,2,5,4,1967,2,1,2,1,1632,1,3,1,1,1632,4,2,2,8,1,0,1,576,1,1,0,0,1,6,2007,1,1,143000,11.870599909242
"287",2,1,5,4,2,6,5,1998,2,1,3,1,1204,1,1,1,1,1204,2,1,2,5,1,0,1,412,1,1,247,0,1,6,2009,1,1,162000,11.9953516142145
"389",2,1,23,5,1,6,5,1973,2,1,2,4,483,1,3,1,1,987,2,1,2,5,1,0,1,264,1,1,0,0,1,6,2006,1,1,83000,11.3265958867787
"845",1,1,7,1,3,7,5,1988,1,2,1,2,1204,1,2,1,1,2183,4,1,1,9,1,0,1,786,1,1,0,0,1,2,2006,1,1,229000,12.3414772825364
"586",1,1,11,1,2,10,5,2008,3,1,3,1,3094,1,1,1,1,2402,2,1,3,10,1,2,3,672,1,1,72,0,1,4,2009,1,1,555000,13.2267233927286
"205",2,1,8,1,1,5,8,1904,2,1,2,1,650,1,2,1,1,1539,3,1,1,8,1,1,6,686,3,1,78,0,1,6,2008,1,1,157500,11.9671807372478
"203",2,1,8,1,2,6,5,1923,2,1,2,1,1200,1,3,1,3,1200,4,1,2,7,1,0,1,312,2,2,0,0,1,3,2006,1,6,125000,11.7360690162844
"420",1,1,3,1,3,5,7,1940,1,2,2,4,728,1,1,1,1,1308,2,1,2,7,4,2,2,256,1,1,70,0,1,6,2009,1,1,160000,11.982929094216
"220",1,1,10,1,2,5,5,1968,2,1,1,1,894,1,2,1,1,894,3,1,2,5,1,1,6,450,1,1,0,0,1,5,2007,1,1,129000,11.7675676833438
"663",1,1,7,1,2,5,6,1971,2,1,1,1,1484,1,2,1,1,1484,3,1,2,7,1,1,2,487,1,1,0,0,1,2,2007,1,1,175000,12.0725412529057
"200",1,1,8,1,2,5,7,1954,2,2,2,1,833,1,1,1,1,833,2,1,1,4,1,0,1,326,1,1,0,0,2,8,2006,1,1,117000,11.6699292137799
"404",1,1,11,1,2,8,5,2007,1,1,3,1,1710,1,1,1,1,1710,2,1,1,6,1,1,3,866,1,1,102,0,1,1,2008,2,3,372402,12.8277291949399
"229",1,1,10,3,2,4,5,1967,2,1,4,3,0,1,3,1,1,1296,2,2,2,6,1,0,1,516,1,1,0,0,1,10,2006,1,1,90000,11.4075649493124
"515",1,1,16,1,2,9,5,2007,3,1,3,1,1698,1,1,1,1,1698,3,1,3,8,1,1,3,768,1,1,64,0,1,2,2009,1,1,320000,12.6760762747759
"329",1,1,16,1,2,4,5,1951,2,1,5,4,836,1,3,1,2,1220,2,1,2,6,1,0,1,396,1,1,0,0,1,4,2006,3,1,102000,11.5327280922664
"238",1,1,12,1,2,5,6,1965,2,1,2,1,925,1,1,1,1,925,2,1,2,5,1,0,1,429,1,1,0,0,3,7,2009,1,1,117500,11.6741936125664
"666",1,1,12,1,2,5,6,1953,2,1,2,1,608,1,3,1,1,1319,3,1,2,5,4,0,1,270,1,1,0,0,3,11,2009,1,1,123000,11.7199396343546
"268",1,1,4,1,1,8,5,1990,1,1,3,1,1453,1,1,1,1,2810,4,1,1,9,1,1,5,750,3,4,0,0,1,6,2007,1,1,302000,12.618182296357
"736",1,1,10,1,3,5,8,1875,2,2,2,1,780,1,2,2,1,1020,2,1,2,6,1,0,1,0,4,3,0,0,1,5,2010,1,1,94000,11.4510500612521
"167",1,1,20,1,2,4,6,1954,2,1,1,1,1364,1,1,1,1,1663,2,1,1,6,2,2,3,529,1,1,137,0,1,3,2008,1,1,256000,12.4529327234617
"321",1,1,19,4,2,8,5,1995,1,1,1,1,1595,1,1,1,1,1616,2,1,1,5,1,1,2,608,1,1,152,0,1,3,2010,1,1,236500,12.3737034869141
"584",1,1,16,1,2,5,5,2006,2,1,1,1,1125,1,2,1,1,1125,2,1,2,5,1,0,1,430,1,1,64,0,1,4,2007,2,3,155000,11.9511803959014
"837",1,1,11,5,2,7,5,2007,1,1,1,1,1314,1,1,1,1,1314,2,1,1,6,1,1,3,626,1,1,62,0,1,7,2009,1,1,230000,12.3458345879053
"21",1,1,16,1,2,3,3,1914,2,1,2,1,864,1,3,2,2,864,2,1,2,5,1,0,1,0,4,3,0,0,1,9,2008,1,1,67000,11.1124478983731
"466",1,1,12,3,1,5,5,1969,2,1,2,1,1248,1,3,1,1,2634,6,2,2,12,1,0,1,968,1,1,0,0,1,8,2009,1,1,200000,12.2060726455302
"126",1,1,16,1,2,5,7,1910,2,1,5,1,796,1,2,1,3,796,2,1,2,4,1,0,1,0,4,3,0,0,2,5,2008,1,1,85000,11.3504065354725
"595",1,1,10,1,6,6,7,1977,2,1,1,2,506,1,3,1,1,1212,3,1,2,6,1,1,2,492,1,1,12,0,3,7,2006,1,1,151000,11.9250351157971
"225",1,1,19,1,2,8,5,2005,1,1,1,1,1814,1,1,1,1,1826,3,1,1,7,1,1,2,758,1,1,75,0,1,8,2006,2,3,319000,12.672946381767
"678",1,1,1,1,1,7,5,2002,1,1,1,1,916,1,1,1,1,1861,3,1,1,8,1,0,1,492,1,1,91,0,1,6,2006,1,1,200000,12.2060726455302
"138",1,1,13,4,2,6,5,1980,2,1,1,1,923,1,3,1,1,923,2,1,2,5,1,1,2,264,1,1,0,0,1,5,2010,1,1,143000,11.870599909242
"73",1,1,12,1,6,6,5,1964,2,1,2,1,1248,1,3,1,1,1350,3,1,2,6,1,0,1,520,1,1,0,0,4,6,2008,1,1,168500,12.0346910287746
"864",1,1,16,1,2,5,6,1957,2,1,4,3,0,1,1,1,1,1340,3,1,2,7,1,1,3,252,1,1,0,0,2,6,2007,1,1,120000,11.6952470217642
"849",2,1,8,2,1,5,9,1900,2,2,1,1,360,1,2,1,1,1812,4,2,1,8,1,1,6,672,1,1,0,0,2,5,2010,1,1,140000,11.8493977015914
"794",1,1,12,1,1,7,6,1966,2,1,2,1,924,1,1,1,1,2157,4,1,1,8,1,2,3,487,1,1,66,0,4,5,2006,1,1,226000,12.3282902782544
"476",1,1,11,1,2,9,5,2003,1,1,3,1,1896,1,1,1,1,1944,3,1,3,8,1,3,5,708,1,1,175,0,1,11,2006,1,1,360000,12.7938593104323
"175",1,1,12,1,2,5,5,1967,2,1,2,1,1214,1,3,1,1,1214,3,1,2,5,1,1,4,318,1,1,111,0,1,7,2007,1,1,143000,11.870599909242
"195",1,1,13,1,3,8,8,1983,1,1,1,1,1496,1,1,1,1,2132,1,1,1,5,4,1,3,612,3,1,40,0,1,9,2009,1,1,316600,12.665394426429
"452",1,1,3,1,1,7,6,1920,2,1,5,1,793,1,2,1,1,1802,4,1,2,9,1,1,3,216,2,1,0,0,1,7,2006,1,1,200100,12.2065725205718
"286",1,1,17,1,2,8,5,2007,1,1,1,1,1638,1,1,1,1,1646,3,1,1,7,1,1,3,800,1,1,44,0,1,4,2008,2,3,293077,12.5881906521085
"594",1,1,1,1,1,7,5,2003,1,1,1,1,847,1,1,1,1,1928,4,1,1,8,1,1,3,434,1,1,48,0,1,7,2007,1,1,219500,12.2991075114974
"524",1,1,13,1,6,7,5,1989,1,1,1,1,1518,1,2,1,1,1644,2,1,1,5,1,1,2,569,1,1,0,0,1,8,2009,1,1,275000,12.5245263766487
"223",1,1,5,1,2,5,4,1960,2,3,4,3,0,1,3,1,1,1771,3,1,2,9,2,1,2,336,1,1,0,0,4,11,2009,1,1,115000,11.6526874073454
"373",1,1,12,1,2,5,5,1959,2,1,2,1,1188,1,4,1,1,1188,3,1,2,6,1,0,1,531,1,1,0,0,2,5,2010,3,2,142000,11.8635823365834
"408",1,1,11,1,2,8,5,2006,1,1,3,1,1976,1,1,1,1,1976,2,1,1,7,1,1,5,908,1,1,63,0,1,7,2007,2,3,440000,12.9945300058944
"217",2,1,8,1,3,5,8,1925,2,1,2,1,702,1,2,1,1,1472,3,1,1,6,1,0,1,250,1,2,0,0,3,7,2007,1,1,125000,11.7360690162844
"649",1,1,16,1,2,6,5,1956,2,1,2,1,1436,1,4,1,1,1689,3,1,2,7,1,1,3,480,1,1,0,0,2,11,2009,3,1,127500,11.7558716435806
"266",2,1,5,4,2,6,5,1998,2,2,3,2,1237,1,1,1,1,1337,2,1,2,5,1,0,1,405,1,1,199,0,1,3,2006,1,1,153500,11.9414558460094
"660",1,1,3,1,2,6,5,1969,1,2,2,1,1844,1,2,1,1,1844,3,1,1,7,1,1,2,540,1,1,73,0,1,12,2006,1,1,223000,12.3149270504423
"626",1,1,24,1,3,5,6,1924,2,1,2,1,1026,1,3,1,1,1691,3,1,1,6,1,1,3,308,1,1,0,0,1,5,2010,1,1,127000,11.7519423654407
"253",2,1,14,1,1,6,7,1914,2,1,2,1,684,1,3,1,1,1355,3,1,1,7,1,0,1,0,4,3,0,0,1,3,2007,1,1,127000,11.7519423654407
"561",1,1,12,1,5,5,5,1962,2,1,2,1,925,1,3,1,1,999,3,1,2,6,1,0,1,300,1,1,72,0,1,5,2006,1,1,134500,11.809319478024
"320",1,1,12,1,2,4,7,1970,2,2,2,1,864,1,1,1,1,864,3,1,2,5,1,0,1,463,1,1,0,0,1,7,2009,1,1,124500,11.7320609948869
"127",1,1,24,1,3,6,5,1925,2,1,2,1,1181,1,4,1,1,1694,4,1,2,7,1,1,3,576,1,1,0,0,1,6,2008,1,1,136500,11.8240798936072
"576",1,1,9,1,1,6,7,1915,2,1,2,1,698,1,1,1,3,1396,3,1,2,7,1,0,1,384,1,1,0,0,1,7,2007,1,1,153575,11.9419443260321
"742",1,1,21,4,2,6,5,1976,2,1,1,1,1078,1,3,1,1,958,2,1,2,5,1,1,2,440,1,1,205,0,1,2,2007,1,1,128000,11.7597855429018
"327",1,1,7,1,1,7,5,1968,2,1,2,1,832,1,2,1,1,1978,4,1,2,9,1,1,3,486,1,1,43,0,4,4,2008,1,1,176000,12.0782392740203
"151",1,1,10,1,2,5,5,1963,2,1,2,1,1040,1,4,1,1,1040,3,1,2,5,1,0,1,308,1,1,0,0,2,6,2010,1,1,133000,11.7981044072039
"695",1,1,17,1,6,6,5,1988,1,1,1,1,1461,1,1,1,1,1509,3,1,1,5,1,1,4,600,1,1,0,0,1,8,2008,1,2,175000,12.0725412529057
"403",1,1,2,1,2,5,8,1976,1,2,1,1,1437,1,3,1,1,1437,3,1,1,6,1,1,4,528,1,1,21,0,1,7,2007,1,1,218000,12.2922503417712
"201",4,1,6,4,1,6,5,2009,1,1,1,1,612,1,1,1,1,1224,2,1,1,4,1,0,1,528,1,1,234,0,1,6,2009,2,3,173733,12.0652749169136
"295",1,1,16,1,3,5,7,1924,2,2,2,1,784,1,2,1,1,1221,4,1,2,7,1,0,1,392,1,1,0,0,1,3,2006,1,1,104900,11.5607627943844
"377",1,1,12,3,6,5,6,1962,2,1,2,1,1106,1,3,1,1,1190,3,1,2,6,1,0,1,540,1,1,18,0,3,5,2006,1,1,132500,11.7943379244084
"444",1,1,1,1,2,6,5,1997,2,2,1,1,1479,1,1,1,1,1494,3,1,1,6,1,0,1,576,1,1,27,0,1,7,2006,1,1,217000,12.2876526325226
"393",2,1,8,1,8,6,6,1912,2,1,2,1,755,1,1,1,1,2229,5,1,2,8,1,0,1,0,4,3,198,0,2,7,2009,1,2,104000,11.5521461781235
"107",1,1,17,1,2,8,5,2006,1,1,1,1,1638,1,1,1,1,1646,3,1,1,6,1,1,3,870,1,1,80,0,1,11,2007,2,3,248900,12.4248064883557
"855",1,1,10,3,2,4,5,1968,2,1,2,1,1768,1,3,2,1,1768,4,2,2,8,1,0,1,0,4,3,0,0,1,4,2010,1,1,136500,11.8240798936072
"252",1,1,1,1,2,7,5,2004,1,1,1,1,1414,1,1,1,1,1414,3,1,1,6,1,0,1,494,1,1,105,0,1,5,2010,1,1,185500,12.1308101610296
"165",1,1,12,1,2,5,5,1959,2,1,2,1,1148,1,3,1,1,1148,3,1,2,6,1,0,1,672,1,1,0,0,4,7,2009,1,1,132500,11.7943379244084
"696",1,1,4,1,1,8,5,1991,1,1,1,1,1288,1,1,1,1,2417,4,1,1,9,1,1,2,462,1,1,82,0,1,4,2006,1,1,260000,12.4684369099977
"197",1,1,12,1,2,6,5,1953,2,1,2,1,1416,1,3,1,1,1644,3,1,2,7,1,2,3,418,1,1,0,0,1,10,2009,1,1,167000,12.0257490913989
"308",1,1,3,1,1,7,6,1940,2,1,2,1,800,1,3,1,1,1740,3,1,2,6,1,2,3,240,1,1,0,0,1,7,2007,6,1,219500,12.2991075114974
"99",1,1,5,1,2,5,9,1982,1,2,2,1,816,1,1,1,1,816,3,1,1,5,1,1,5,264,1,1,0,0,2,10,2008,1,1,130500,11.7791285057449
"202",1,1,6,1,2,8,5,2007,1,1,1,1,1580,1,1,1,1,1580,3,1,1,7,1,0,1,830,1,1,24,0,1,6,2008,4,3,235128,12.3678853256926
"606",2,1,9,1,3,4,7,1935,2,1,2,1,884,1,1,1,1,1573,3,1,1,6,1,0,1,240,1,1,0,0,1,7,2009,1,1,133000,11.7981044072039
"208",1,1,18,1,1,6,5,1997,2,1,1,1,802,1,2,1,1,1511,3,1,2,8,1,1,2,413,1,1,75,0,1,6,2006,1,1,185000,12.1281111040605
"265",1,1,11,1,1,8,5,2004,1,1,3,1,1143,1,1,1,1,2473,4,1,1,9,1,1,3,852,1,1,151,0,1,10,2007,1,1,317000,12.6666570528594
"186",2,1,9,1,1,5,8,1920,2,1,2,1,939,1,1,1,1,1513,4,1,2,8,1,0,1,180,2,2,0,0,1,5,2007,1,1,137500,11.8313791960888
"63",2,1,8,1,3,5,4,1900,2,1,2,1,540,1,2,2,3,1440,3,1,2,6,1,0,1,352,2,1,0,0,1,4,2006,1,1,79000,11.2772031314492
"302",3,1,14,1,3,4,6,1920,2,1,2,1,637,1,2,1,1,1336,3,1,2,7,1,0,1,570,1,1,47,0,1,9,2006,3,1,108000,11.5898865061064
"861",1,1,12,3,2,3,4,1949,2,1,4,3,0,4,4,2,3,1040,2,2,2,6,1,0,1,400,1,1,0,0,1,5,2006,1,1,87500,11.3793940723457
"108",1,1,9,1,3,5,5,1940,2,1,2,1,883,1,2,1,1,1505,3,1,2,8,1,0,1,240,1,1,0,0,1,7,2008,1,1,145000,11.8844890214027
"542",1,1,20,1,2,7,5,1971,2,1,1,1,1643,1,3,1,1,1824,2,1,1,5,1,2,2,739,1,1,48,0,1,6,2007,1,1,302000,12.618182296357
"313",1,1,20,1,1,6,5,1992,1,1,1,1,1580,1,1,1,1,1953,3,1,1,9,1,2,4,501,1,1,231,0,1,6,2007,1,1,240000,12.3883942023241
"110",2,1,16,4,1,7,5,2004,1,1,1,1,976,1,1,1,1,1708,3,1,1,7,3,0,1,380,1,1,40,0,1,4,2006,1,1,130000,11.7752897294377
"352",1,1,17,1,2,8,5,2007,1,1,1,1,1571,1,1,1,1,1571,3,1,1,7,1,1,3,722,1,1,36,0,1,12,2007,2,3,239000,12.3842188309136
"574",1,1,13,1,2,6,5,1984,2,1,1,1,1040,1,3,1,1,1097,3,1,2,6,1,0,1,480,1,1,0,0,4,5,2010,1,1,152000,11.9316357998284
"591",1,1,12,1,2,5,5,1966,2,1,2,1,864,1,3,1,1,892,3,1,2,5,1,0,1,264,1,1,0,0,3,10,2008,1,1,110000,11.6082356447746
"664",1,1,13,1,2,6,5,1985,1,1,1,1,1298,1,3,1,1,1298,3,1,1,5,1,1,2,403,1,1,26,0,1,5,2006,1,1,180000,12.1007121298723
"822",1,1,12,1,2,6,5,1960,2,1,2,1,1383,1,3,1,1,1383,3,1,2,7,1,0,1,292,1,1,45,0,1,4,2006,1,1,145250,11.8862116747142
"281",1,1,18,1,1,7,5,1999,1,1,1,1,978,1,1,1,1,1983,3,1,1,9,1,1,2,490,1,1,0,0,1,5,2009,1,1,225000,12.3238556811866
"646",1,1,1,1,1,8,5,2002,1,1,1,1,1128,1,1,1,1,2290,4,1,1,9,1,1,3,779,1,1,0,0,1,5,2008,1,1,255900,12.4525420221479
"698",1,1,10,1,3,5,5,1958,1,2,2,1,1052,1,1,1,1,1920,4,1,1,8,1,1,3,451,1,1,0,0,1,7,2006,1,1,172500,12.0581525154536
"796",1,1,13,1,2,5,5,2004,2,1,2,1,1114,1,1,1,1,1114,3,1,1,6,1,0,1,576,1,1,102,0,1,6,2008,1,1,159000,11.9766594812024
"78",1,1,24,1,1,5,6,1921,2,1,2,4,612,1,1,1,1,2601,4,1,2,8,1,0,1,621,1,1,0,0,1,5,2008,1,1,189000,12.1495022940418
"435",1,1,18,1,1,6,5,2000,2,1,1,1,936,1,1,1,1,1792,3,1,2,8,1,1,2,451,1,1,0,0,1,5,2008,1,1,186500,12.136186518066
"23",1,1,18,1,1,6,5,2006,1,1,1,1,728,1,2,1,1,1456,3,1,2,8,1,0,1,429,1,1,0,0,1,5,2006,2,3,172785,12.0598033260287
"339",1,1,16,1,2,6,5,2009,2,1,1,1,1212,1,1,1,1,1212,3,1,1,6,1,0,1,460,1,1,22,0,1,3,2010,1,1,186000,12.1335019526953
"465",1,1,7,1,1,6,6,1974,1,1,2,1,901,1,3,1,1,1876,4,1,1,8,1,1,2,540,3,1,69,0,1,7,2008,1,1,185000,12.1281111040605
"751",4,1,6,1,2,8,5,2006,1,1,1,1,1656,1,1,1,1,1656,3,1,1,7,1,0,1,826,1,1,146,0,1,7,2007,1,1,249700,12.4280154762679
"683",1,1,5,1,1,5,4,1969,2,1,2,1,784,1,1,1,1,1968,4,1,2,7,4,1,6,530,1,1,189,0,2,9,2008,1,1,172000,12.0552497557956
"161",2,1,3,4,2,8,5,2004,1,1,3,1,1594,1,1,1,1,1646,2,1,1,5,1,1,3,482,1,1,53,0,1,1,2008,1,1,275000,12.5245263766487
"67",1,1,12,1,2,5,7,1954,2,1,2,1,1086,1,2,1,1,1086,3,1,2,6,1,0,1,490,1,1,0,0,3,5,2010,1,1,144900,11.8837991283088
